#
# There is insufficient memory for the Java Runtime Environment to continue.
# Native memory allocation (malloc) failed to allocate 1149456 bytes for Chunk::new
# Possible reasons:
#   The system is out of physical RAM or swap space
#   The process is running with CompressedOops enabled, and the Java Heap may be blocking the growth of the native heap
# Possible solutions:
#   Reduce memory load on the system
#   Increase physical memory or swap space
#   Check if swap backing store is full
#   Decrease Java heap size (-Xmx/-Xms)
#   Decrease number of Java threads
#   Decrease Java thread stack sizes (-Xss)
#   Set larger code cache with -XX:ReservedCodeCacheSize=
#   JVM is running with Unscaled Compressed Oops mode in which the Java heap is
#     placed in the first 4GB address space. The Java Heap base address is the
#     maximum limit for the native heap growth. Please use -XX:HeapBaseMinAddress
#     to set the Java Heap base and to place the Java Heap above 4GB virtual address.
# This output file may be truncated or incomplete.
#
#  Out of Memory Error (arena.cpp:184), pid=71852, tid=109940
#
# JRE version: Java(TM) SE Runtime Environment (19.0.2+7) (build 19.0.2+7-44)
# Java VM: Java HotSpot(TM) 64-Bit Server VM (19.0.2+7-44, mixed mode, sharing, tiered, compressed oops, compressed class ptrs, g1 gc, windows-amd64)
# No core dump will be written. Minidumps are not enabled by default on client versions of Windows
#

---------------  S U M M A R Y ------------

Command Line: --add-opens=java.base/java.lang=ALL-UNNAMED --add-opens=java.base/java.lang.invoke=ALL-UNNAMED --add-opens=java.base/java.util=ALL-UNNAMED --add-opens=java.prefs/java.util.prefs=ALL-UNNAMED --add-exports=jdk.compiler/com.sun.tools.javac.api=ALL-UNNAMED --add-exports=jdk.compiler/com.sun.tools.javac.util=ALL-UNNAMED --add-opens=java.base/java.util=ALL-UNNAMED --add-opens=java.prefs/java.util.prefs=ALL-UNNAMED --add-opens=java.base/java.nio.charset=ALL-UNNAMED --add-opens=java.base/java.net=ALL-UNNAMED --add-opens=java.base/java.util.concurrent.atomic=ALL-UNNAMED --add-opens=java.xml/javax.xml.namespace=ALL-UNNAMED -XX:MaxMetaspaceSize=512m -Xmx2048m -Dfile.encoding=UTF-8 -Duser.country=GB -Duser.language=en -Duser.variant -javaagent:C:\Users\hp\.gradle\wrapper\dists\gradle-8.14.1-bin\baw1sv0jfoi8rxs14qo3h49cs\gradle-8.14.1\lib\agents\gradle-instrumentation-agent-8.14.1.jar org.gradle.launcher.daemon.bootstrap.GradleDaemon 8.14.1

Host: 13th Gen Intel(R) Core(TM) i5-1334U, 12 cores, 15G,  Windows 11 , 64 bit Build 26100 (10.0.26100.4768)
Time: Thu Jul 31 10:53:50 2025 GMT Summer Time elapsed time: 8470.663165 seconds (0d 2h 21m 10s)

---------------  T H R E A D  ---------------

Current thread (0x00000214a007caf0):  JavaThread "C2 CompilerThread0" daemon [_thread_in_native, id=109940, stack(0x000000a238600000,0x000000a238700000)]


Current CompileTask:
C2:8470663 27409   !   4       java.util.Formatter::format (287 bytes)

Stack: [0x000000a238600000,0x000000a238700000]
Native frames: (J=compiled Java code, j=interpreted, Vv=VM code, C=native code)
V  [jvm.dll+0x6ee21a]
V  [jvm.dll+0x85765e]
V  [jvm.dll+0x85904e]
V  [jvm.dll+0x859703]
V  [jvm.dll+0x28298f]
V  [jvm.dll+0xc9adf]
V  [jvm.dll+0xc9e65]
V  [jvm.dll+0x3bca12]
V  [jvm.dll+0x3860e1]
V  [jvm.dll+0x38555a]
V  [jvm.dll+0x24c3d9]
V  [jvm.dll+0x24b781]
V  [jvm.dll+0x1d6ce1]
V  [jvm.dll+0x25b25a]
V  [jvm.dll+0x2596e8]
V  [jvm.dll+0x807588]
V  [jvm.dll+0x80125a]
V  [jvm.dll+0x6ecf0b]
C  [ucrtbase.dll+0x37b0]
C  [KERNEL32.DLL+0x2e8d7]
C  [ntdll.dll+0x3c34c]


---------------  P R O C E S S  ---------------

Threads class SMR info:
_java_thread_list=0x00000214b10182d0, length=73, elements={
0x00000214ffd6f5a0, 0x000002149f737bb0, 0x000002149f73a5f0, 0x000002149f73cf30,
0x000002149f73d860, 0x000002149f73e190, 0x00000214a0079ff0, 0x00000214a007caf0,
0x00000214a007d460, 0x00000214a0085de0, 0x00000214a0050870, 0x00000214a02a97e0,
0x00000214a5b8f400, 0x00000214a5e31b00, 0x00000214a5c1cf50, 0x00000214a5bab100,
0x00000214a5bad630, 0x00000214a5bab650, 0x00000214a7a396f0, 0x00000214a7a3d6b0,
0x00000214a7a3cc10, 0x00000214a7a3ac30, 0x00000214a95bd570, 0x00000214aa698b10,
0x00000214aa69d020, 0x00000214a0340ff0, 0x00000214a0343fc0, 0x00000214a0340aa0,
0x00000214a0346f90, 0x00000214a0345500, 0x00000214a7a39c40, 0x00000214afc62610,
0x00000214a95ba5a0, 0x00000214a95b8070, 0x00000214a95b9060, 0x00000214a95ba050,
0x00000214a95b8b10, 0x00000214a95baaf0, 0x00000214a95bd020, 0x00000214a95bc030,
0x00000214a95bc580, 0x00000214a95b9b00, 0x00000214a95bf000, 0x00000214b054a520,
0x00000214b0549a80, 0x00000214b054ef80, 0x00000214b054da40, 0x00000214b054c500,
0x00000214b054bfb0, 0x00000214b054ca50, 0x00000214b054e4e0, 0x00000214b054ea30,
0x00000214b054d4f0, 0x00000214b054cfa0, 0x00000214b054df90, 0x00000214b054f4d0,
0x00000214b054ba60, 0x00000214b054ff70, 0x00000214b0553490, 0x00000214b0550f60,
0x00000214b05514b0, 0x00000214b0552f40, 0x00000214b0551a00, 0x00000214b054fa20,
0x00000214b05504c0, 0x00000214b05539e0, 0x00000214b05529f0, 0x00000214b0551f50,
0x00000214b05524a0, 0x00000214b0553f30, 0x00000214b0554480, 0x00000214b0550a10,
0x00000214b0b86b10
}

Java Threads: ( => current thread )
  0x00000214ffd6f5a0 JavaThread "main" [_thread_blocked, id=92796, stack(0x000000a237900000,0x000000a237a00000)]
  0x000002149f737bb0 JavaThread "Reference Handler" daemon [_thread_blocked, id=13980, stack(0x000000a238000000,0x000000a238100000)]
  0x000002149f73a5f0 JavaThread "Finalizer" daemon [_thread_blocked, id=8344, stack(0x000000a238100000,0x000000a238200000)]
  0x000002149f73cf30 JavaThread "Signal Dispatcher" daemon [_thread_blocked, id=107936, stack(0x000000a238200000,0x000000a238300000)]
  0x000002149f73d860 JavaThread "Attach Listener" daemon [_thread_blocked, id=87608, stack(0x000000a238300000,0x000000a238400000)]
  0x000002149f73e190 JavaThread "Service Thread" daemon [_thread_blocked, id=2124, stack(0x000000a238400000,0x000000a238500000)]
  0x00000214a0079ff0 JavaThread "Monitor Deflation Thread" daemon [_thread_blocked, id=108840, stack(0x000000a238500000,0x000000a238600000)]
=>0x00000214a007caf0 JavaThread "C2 CompilerThread0" daemon [_thread_in_native, id=109940, stack(0x000000a238600000,0x000000a238700000)]
  0x00000214a007d460 JavaThread "C1 CompilerThread0" daemon [_thread_blocked, id=34200, stack(0x000000a238700000,0x000000a238800000)]
  0x00000214a0085de0 JavaThread "Sweeper thread" daemon [_thread_blocked, id=109096, stack(0x000000a238800000,0x000000a238900000)]
  0x00000214a0050870 JavaThread "Common-Cleaner" daemon [_thread_blocked, id=11696, stack(0x000000a238900000,0x000000a238a00000)]
  0x00000214a02a97e0 JavaThread "Notification Thread" daemon [_thread_blocked, id=20668, stack(0x000000a238a00000,0x000000a238b00000)]
  0x00000214a5b8f400 JavaThread "Daemon health stats" [_thread_blocked, id=69432, stack(0x000000a239500000,0x000000a239600000)]
  0x00000214a5e31b00 JavaThread "Incoming local TCP Connector on port 56945" [_thread_in_native, id=11172, stack(0x000000a239600000,0x000000a239700000)]
  0x00000214a5c1cf50 JavaThread "Daemon periodic checks" [_thread_blocked, id=3016, stack(0x000000a239700000,0x000000a239800000)]
  0x00000214a5bab100 JavaThread "Cache worker for journal cache (C:\Users\hp\.gradle\caches\journal-1)" [_thread_blocked, id=11940, stack(0x000000a239f00000,0x000000a23a000000)]
  0x00000214a5bad630 JavaThread "File lock request listener" [_thread_in_native, id=10600, stack(0x000000a23a000000,0x000000a23a100000)]
  0x00000214a5bab650 JavaThread "Cache worker for file hash cache (C:\Users\hp\.gradle\caches\8.14.1\fileHashes)" [_thread_blocked, id=107964, stack(0x000000a23a100000,0x000000a23a200000)]
  0x00000214a7a396f0 JavaThread "File watcher server" daemon [_thread_in_native, id=11824, stack(0x000000a23a800000,0x000000a23a900000)]
  0x00000214a7a3d6b0 JavaThread "File watcher consumer" daemon [_thread_blocked, id=109136, stack(0x000000a23a900000,0x000000a23aa00000)]
  0x00000214a7a3cc10 JavaThread "jar transforms" [_thread_blocked, id=10308, stack(0x000000a23aa00000,0x000000a23ab00000)]
  0x00000214a7a3ac30 JavaThread "Cache worker for file content cache (C:\Users\hp\.gradle\caches\8.14.1\fileContent)" [_thread_blocked, id=22552, stack(0x000000a23ac00000,0x000000a23ad00000)]
  0x00000214a95bd570 JavaThread "Memory manager" [_thread_blocked, id=94956, stack(0x000000a23a500000,0x000000a23a600000)]
  0x00000214aa698b10 JavaThread "jar transforms Thread 2" [_thread_blocked, id=96172, stack(0x000000a243d00000,0x000000a243e00000)]
  0x00000214aa69d020 JavaThread "jar transforms Thread 3" [_thread_blocked, id=108628, stack(0x000000a243e00000,0x000000a243f00000)]
  0x00000214a0340ff0 JavaThread "jar transforms Thread 4" [_thread_blocked, id=95248, stack(0x000000a244600000,0x000000a244700000)]
  0x00000214a0343fc0 JavaThread "jar transforms Thread 5" [_thread_blocked, id=13264, stack(0x000000a244700000,0x000000a244800000)]
  0x00000214a0340aa0 JavaThread "jar transforms Thread 6" [_thread_blocked, id=53948, stack(0x000000a244800000,0x000000a244900000)]
  0x00000214a0346f90 JavaThread "jar transforms Thread 7" [_thread_blocked, id=41284, stack(0x000000a244a00000,0x000000a244b00000)]
  0x00000214a0345500 JavaThread "jar transforms Thread 8" [_thread_blocked, id=101044, stack(0x000000a244c00000,0x000000a244d00000)]
  0x00000214a7a39c40 JavaThread "jar transforms Thread 9" [_thread_blocked, id=84928, stack(0x000000a244b00000,0x000000a244c00000)]
  0x00000214afc62610 JavaThread "jar transforms Thread 10" [_thread_blocked, id=104696, stack(0x000000a245000000,0x000000a245100000)]
  0x00000214a95ba5a0 JavaThread "Daemon Thread 5" [_thread_blocked, id=10412, stack(0x000000a237600000,0x000000a237700000)]
  0x00000214a95b8070 JavaThread "Handler for socket connection from /127.0.0.1:56945 to /127.0.0.1:57545" [_thread_in_native, id=13964, stack(0x000000a237700000,0x000000a237800000)]
  0x00000214a95b9060 JavaThread "Cancel handler" [_thread_blocked, id=23328, stack(0x000000a237800000,0x000000a237900000)]
  0x00000214a95ba050 JavaThread "Daemon worker Thread 5" [_thread_in_vm, id=2152, stack(0x000000a238c00000,0x000000a238d00000)]
  0x00000214a95b8b10 JavaThread "Asynchronous log dispatcher for DefaultDaemonConnection: socket connection from /127.0.0.1:56945 to /127.0.0.1:57545" [_thread_blocked, id=41464, stack(0x000000a239800000,0x000000a239900000)]
  0x00000214a95baaf0 JavaThread "Stdin handler" [_thread_blocked, id=32188, stack(0x000000a239900000,0x000000a239a00000)]
  0x00000214a95bd020 JavaThread "Daemon client event forwarder" [_thread_blocked, id=109432, stack(0x000000a239a00000,0x000000a239b00000)]
  0x00000214a95bc030 JavaThread "Cache worker for file hash cache (G:\react native project\AwesomeProject\android\.gradle\8.14.1\fileHashes)" [_thread_blocked, id=111472, stack(0x000000a239b00000,0x000000a239c00000)]
  0x00000214a95bc580 JavaThread "Cache worker for Build Output Cleanup Cache (G:\react native project\AwesomeProject\android\.gradle\buildOutputCleanup)" [_thread_blocked, id=55108, stack(0x000000a239c00000,0x000000a239d00000)]
  0x00000214a95b9b00 JavaThread "Cache worker for checksums cache (G:\react native project\AwesomeProject\android\.gradle\8.14.1\checksums)" [_thread_blocked, id=94636, stack(0x000000a239d00000,0x000000a239e00000)]
  0x00000214a95bf000 JavaThread "Cache worker for cache directory md-supplier (C:\Users\hp\.gradle\caches\8.14.1\md-supplier)" [_thread_blocked, id=29532, stack(0x000000a239e00000,0x000000a239f00000)]
  0x00000214b054a520 JavaThread "Cache worker for cache directory md-rule (C:\Users\hp\.gradle\caches\8.14.1\md-rule)" [_thread_blocked, id=9380, stack(0x000000a23a600000,0x000000a23a700000)]
  0x00000214b0549a80 JavaThread "Cache worker for Build Output Cleanup Cache (G:\react native project\AwesomeProject\node_modules\@react-native\gradle-plugin\.gradle\buildOutputCleanup)" [_thread_blocked, id=9672, stack(0x000000a23a700000,0x000000a23a800000)]
  0x00000214b054ef80 JavaThread "Unconstrained build operations" [_thread_blocked, id=69428, stack(0x000000a23ab00000,0x000000a23ac00000)]
  0x00000214b054da40 JavaThread "Unconstrained build operations Thread 2" [_thread_blocked, id=105600, stack(0x000000a23ad00000,0x000000a23ae00000)]
  0x00000214b054c500 JavaThread "Unconstrained build operations Thread 3" [_thread_blocked, id=108976, stack(0x000000a23ae00000,0x000000a23af00000)]
  0x00000214b054bfb0 JavaThread "Unconstrained build operations Thread 4" [_thread_blocked, id=99632, stack(0x000000a23af00000,0x000000a23b000000)]
  0x00000214b054ca50 JavaThread "Unconstrained build operations Thread 5" [_thread_blocked, id=106996, stack(0x000000a23b000000,0x000000a23b100000)]
  0x00000214b054e4e0 JavaThread "Unconstrained build operations Thread 6" [_thread_blocked, id=10604, stack(0x000000a23b100000,0x000000a23b200000)]
  0x00000214b054ea30 JavaThread "Unconstrained build operations Thread 7" [_thread_blocked, id=103228, stack(0x000000a23b200000,0x000000a23b300000)]
  0x00000214b054d4f0 JavaThread "Unconstrained build operations Thread 8" [_thread_blocked, id=90180, stack(0x000000a23b300000,0x000000a23b400000)]
  0x00000214b054cfa0 JavaThread "Unconstrained build operations Thread 9" [_thread_blocked, id=99768, stack(0x000000a23b400000,0x000000a23b500000)]
  0x00000214b054df90 JavaThread "Unconstrained build operations Thread 10" [_thread_blocked, id=87748, stack(0x000000a23b500000,0x000000a23b600000)]
  0x00000214b054f4d0 JavaThread "Unconstrained build operations Thread 11" [_thread_blocked, id=102876, stack(0x000000a23b600000,0x000000a23b700000)]
  0x00000214b054ba60 JavaThread "Unconstrained build operations Thread 12" [_thread_blocked, id=95908, stack(0x000000a23b700000,0x000000a23b800000)]
  0x00000214b054ff70 JavaThread "Unconstrained build operations Thread 13" [_thread_blocked, id=9236, stack(0x000000a23b800000,0x000000a23b900000)]
  0x00000214b0553490 JavaThread "Unconstrained build operations Thread 14" [_thread_blocked, id=2752, stack(0x000000a23b900000,0x000000a23ba00000)]
  0x00000214b0550f60 JavaThread "Unconstrained build operations Thread 15" [_thread_blocked, id=2216, stack(0x000000a23ba00000,0x000000a23bb00000)]
  0x00000214b05514b0 JavaThread "Unconstrained build operations Thread 16" [_thread_blocked, id=87264, stack(0x000000a23bb00000,0x000000a23bc00000)]
  0x00000214b0552f40 JavaThread "Unconstrained build operations Thread 17" [_thread_blocked, id=13272, stack(0x000000a23bc00000,0x000000a23bd00000)]
  0x00000214b0551a00 JavaThread "Unconstrained build operations Thread 18" [_thread_blocked, id=77984, stack(0x000000a23bd00000,0x000000a23be00000)]
  0x00000214b054fa20 JavaThread "Unconstrained build operations Thread 19" [_thread_blocked, id=107712, stack(0x000000a23be00000,0x000000a23bf00000)]
  0x00000214b05504c0 JavaThread "Unconstrained build operations Thread 20" [_thread_blocked, id=73156, stack(0x000000a23bf00000,0x000000a23c000000)]
  0x00000214b05539e0 JavaThread "Unconstrained build operations Thread 21" [_thread_blocked, id=47364, stack(0x000000a23c000000,0x000000a23c100000)]
  0x00000214b05529f0 JavaThread "Unconstrained build operations Thread 22" [_thread_blocked, id=7020, stack(0x000000a23c100000,0x000000a23c200000)]
  0x00000214b0551f50 JavaThread "Unconstrained build operations Thread 23" [_thread_blocked, id=99108, stack(0x000000a23c200000,0x000000a23c300000)]
  0x00000214b05524a0 JavaThread "Unconstrained build operations Thread 24" [_thread_blocked, id=95876, stack(0x000000a23c300000,0x000000a23c400000)]
  0x00000214b0553f30 JavaThread "Unconstrained build operations Thread 25" [_thread_blocked, id=96880, stack(0x000000a23c400000,0x000000a23c500000)]
  0x00000214b0554480 JavaThread "Unconstrained build operations Thread 26" [_thread_blocked, id=21104, stack(0x000000a23c500000,0x000000a23c600000)]
  0x00000214b0550a10 JavaThread "build event listener" [_thread_blocked, id=83872, stack(0x000000a23c600000,0x000000a23c700000)]
  0x00000214b0b86b10 JavaThread "C2 CompilerThread1" daemon [_thread_blocked, id=22044, stack(0x000000a23c700000,0x000000a23c800000)]

Other Threads:
  0x000002149f721e30 VMThread "VM Thread" [stack: 0x000000a237f00000,0x000000a238000000] [id=56244]
  0x00000214a028a340 WatcherThread "VM Periodic Task Thread" [stack: 0x000000a238b00000,0x000000a238c00000] [id=93428]
  0x00000214ffde0d70 WorkerThread "GC Thread#0" [stack: 0x000000a237a00000,0x000000a237b00000] [id=4632]
  0x00000214a487b0a0 WorkerThread "GC Thread#1" [stack: 0x000000a238e00000,0x000000a238f00000] [id=9440]
  0x00000214a48cc750 WorkerThread "GC Thread#2" [stack: 0x000000a238f00000,0x000000a239000000] [id=107228]
  0x00000214a48ccfc0 WorkerThread "GC Thread#3" [stack: 0x000000a239000000,0x000000a239100000] [id=95520]
  0x00000214a48cc480 WorkerThread "GC Thread#4" [stack: 0x000000a239100000,0x000000a239200000] [id=12008]
  0x00000214a48cbee0 WorkerThread "GC Thread#5" [stack: 0x000000a239200000,0x000000a239300000] [id=59256]
  0x00000214a5dc5730 WorkerThread "GC Thread#6" [stack: 0x000000a238d00000,0x000000a238e00000] [id=10704]
  0x00000214a5dc6810 WorkerThread "GC Thread#7" [stack: 0x000000a239300000,0x000000a239400000] [id=22252]
  0x00000214a5dc40b0 WorkerThread "GC Thread#8" [stack: 0x000000a239400000,0x000000a239500000] [id=4776]
  0x00000214a5dc6270 WorkerThread "GC Thread#9" [stack: 0x000000a23a200000,0x000000a23a300000] [id=5400]
  0x00000214ffdf1be0 ConcurrentGCThread "G1 Main Marker" [stack: 0x000000a237b00000,0x000000a237c00000] [id=11532]
  0x00000214ffdf3390 WorkerThread "G1 Conc#0" [stack: 0x000000a237c00000,0x000000a237d00000] [id=90012]
  0x00000214a5dc7350 WorkerThread "G1 Conc#1" [stack: 0x000000a23a300000,0x000000a23a400000] [id=8360]
  0x00000214a5dc7080 WorkerThread "G1 Conc#2" [stack: 0x000000a23a400000,0x000000a23a500000] [id=38772]
  0x000002149f6551d0 ConcurrentGCThread "G1 Refine#0" [stack: 0x000000a237d00000,0x000000a237e00000] [id=4216]
  0x000002149f656ed0 ConcurrentGCThread "G1 Service" [stack: 0x000000a237e00000,0x000000a237f00000] [id=108148]

Threads with active compile tasks:
C2 CompilerThread0  8470787 27409   !   4       java.util.Formatter::format (287 bytes)

VM state: not at safepoint (normal execution)

VM Mutex/Monitor currently owned by a thread: None

Heap address: 0x0000000080000000, size: 2048 MB, Compressed Oops mode: 32-bit

CDS archive(s) mapped at: [0x0000000800000000-0x0000000800c40000-0x0000000800c40000), size 12845056, SharedBaseAddress: 0x0000000800000000, ArchiveRelocationMode: 0.
Compressed class space mapped at: 0x0000000801000000-0x000000081ac00000, reserved size: 432013312
Narrow klass base: 0x0000000800000000, Narrow klass shift: 0, Narrow klass range: 0x100000000

GC Precious Log:
 CardTable entry size: 512
 Card Set container configuration: InlinePtr #cards 5 size 8 Array Of Cards #cards 12 size 40 Howl #buckets 4 coarsen threshold 1843 Howl Bitmap #cards 512 size 80 coarsen threshold 460 Card regions per heap region 1 cards per card region 2048
 CPUs: 12 total, 12 available
 Memory: 16027M
 Large Page Support: Disabled
 NUMA Support: Disabled
 Compressed Oops: Enabled (32-bit)
 Heap Region Size: 1M
 Heap Min Capacity: 8M
 Heap Initial Capacity: 252M
 Heap Max Capacity: 2G
 Pre-touch: Disabled
 Parallel Workers: 10
 Concurrent Workers: 3
 Concurrent Refinement Workers: 10
 Periodic GC: Disabled

Heap:
 garbage-first heap   total 512000K, used 389986K [0x0000000080000000, 0x0000000100000000)
  region size 1024K, 187 young (191488K), 24 survivors (24576K)
 Metaspace       used 139947K, committed 144448K, reserved 552960K
  class space    used 18009K, committed 20160K, reserved 421888K

Heap Regions: E=young(eden), S=young(survivor), O=old, HS=humongous(starts), HC=humongous(continues), CS=collection set, F=free, OA=open archive, CA=closed archive, TAMS=top-at-mark-start (previous, next)
|   0|0x0000000080000000, 0x0000000080100000, 0x0000000080100000|100%|HS|  |TAMS 0x0000000080100000, 0x0000000080000000| Complete 
|   1|0x0000000080100000, 0x0000000080200000, 0x0000000080200000|100%|HC|  |TAMS 0x0000000080200000, 0x0000000080100000| Complete 
|   2|0x0000000080200000, 0x0000000080300000, 0x0000000080300000|100%|HC|  |TAMS 0x0000000080300000, 0x0000000080200000| Complete 
|   3|0x0000000080300000, 0x0000000080400000, 0x0000000080400000|100%| O|  |TAMS 0x0000000080400000, 0x0000000080300000| Untracked 
|   4|0x0000000080400000, 0x0000000080500000, 0x0000000080500000|100%| O|  |TAMS 0x0000000080500000, 0x0000000080400000| Untracked 
|   5|0x0000000080500000, 0x0000000080600000, 0x0000000080600000|100%| O|  |TAMS 0x0000000080600000, 0x0000000080500000| Untracked 
|   6|0x0000000080600000, 0x0000000080700000, 0x0000000080700000|100%|HS|  |TAMS 0x0000000080700000, 0x0000000080600000| Complete 
|   7|0x0000000080700000, 0x0000000080800000, 0x0000000080800000|100%| O|  |TAMS 0x0000000080800000, 0x0000000080700000| Untracked 
|   8|0x0000000080800000, 0x0000000080900000, 0x0000000080900000|100%| O|  |TAMS 0x0000000080900000, 0x0000000080800000| Untracked 
|   9|0x0000000080900000, 0x0000000080a00000, 0x0000000080a00000|100%| O|  |TAMS 0x0000000080a00000, 0x0000000080900000| Untracked 
|  10|0x0000000080a00000, 0x0000000080b00000, 0x0000000080b00000|100%| O|  |TAMS 0x0000000080b00000, 0x0000000080a00000| Untracked 
|  11|0x0000000080b00000, 0x0000000080c00000, 0x0000000080c00000|100%| O|  |TAMS 0x0000000080c00000, 0x0000000080b00000| Untracked 
|  12|0x0000000080c00000, 0x0000000080d00000, 0x0000000080d00000|100%| O|  |TAMS 0x0000000080d00000, 0x0000000080c00000| Untracked 
|  13|0x0000000080d00000, 0x0000000080e00000, 0x0000000080e00000|100%| O|  |TAMS 0x0000000080e00000, 0x0000000080d00000| Untracked 
|  14|0x0000000080e00000, 0x0000000080f00000, 0x0000000080f00000|100%| O|  |TAMS 0x0000000080f00000, 0x0000000080e00000| Untracked 
|  15|0x0000000080f00000, 0x0000000081000000, 0x0000000081000000|100%| O|  |TAMS 0x0000000081000000, 0x0000000080f00000| Untracked 
|  16|0x0000000081000000, 0x0000000081100000, 0x0000000081100000|100%| O|  |TAMS 0x0000000081100000, 0x0000000081000000| Untracked 
|  17|0x0000000081100000, 0x0000000081200000, 0x0000000081200000|100%| O|  |TAMS 0x0000000081200000, 0x0000000081100000| Untracked 
|  18|0x0000000081200000, 0x0000000081300000, 0x0000000081300000|100%| O|  |TAMS 0x0000000081300000, 0x0000000081200000| Untracked 
|  19|0x0000000081300000, 0x0000000081400000, 0x0000000081400000|100%| O|  |TAMS 0x0000000081400000, 0x0000000081300000| Untracked 
|  20|0x0000000081400000, 0x0000000081500000, 0x0000000081500000|100%| O|  |TAMS 0x0000000081500000, 0x0000000081400000| Untracked 
|  21|0x0000000081500000, 0x0000000081600000, 0x0000000081600000|100%| O|  |TAMS 0x0000000081600000, 0x0000000081500000| Untracked 
|  22|0x0000000081600000, 0x0000000081700000, 0x0000000081700000|100%| O|  |TAMS 0x0000000081700000, 0x0000000081600000| Untracked 
|  23|0x0000000081700000, 0x0000000081800000, 0x0000000081800000|100%| O|  |TAMS 0x0000000081800000, 0x0000000081700000| Untracked 
|  24|0x0000000081800000, 0x0000000081900000, 0x0000000081900000|100%| O|  |TAMS 0x0000000081900000, 0x0000000081800000| Untracked 
|  25|0x0000000081900000, 0x0000000081a00000, 0x0000000081a00000|100%| O|  |TAMS 0x0000000081a00000, 0x0000000081900000| Untracked 
|  26|0x0000000081a00000, 0x0000000081b00000, 0x0000000081b00000|100%| O|  |TAMS 0x0000000081b00000, 0x0000000081a00000| Untracked 
|  27|0x0000000081b00000, 0x0000000081c00000, 0x0000000081c00000|100%| O|  |TAMS 0x0000000081c00000, 0x0000000081b00000| Untracked 
|  28|0x0000000081c00000, 0x0000000081d00000, 0x0000000081d00000|100%| O|  |TAMS 0x0000000081d00000, 0x0000000081c00000| Untracked 
|  29|0x0000000081d00000, 0x0000000081e00000, 0x0000000081e00000|100%| O|  |TAMS 0x0000000081e00000, 0x0000000081d00000| Untracked 
|  30|0x0000000081e00000, 0x0000000081f00000, 0x0000000081f00000|100%| O|  |TAMS 0x0000000081f00000, 0x0000000081e00000| Untracked 
|  31|0x0000000081f00000, 0x0000000082000000, 0x0000000082000000|100%| O|  |TAMS 0x0000000082000000, 0x0000000081f00000| Untracked 
|  32|0x0000000082000000, 0x0000000082100000, 0x0000000082100000|100%| O|  |TAMS 0x0000000082100000, 0x0000000082000000| Untracked 
|  33|0x0000000082100000, 0x0000000082200000, 0x0000000082200000|100%| O|  |TAMS 0x0000000082200000, 0x0000000082100000| Untracked 
|  34|0x0000000082200000, 0x0000000082300000, 0x0000000082300000|100%|HS|  |TAMS 0x0000000082300000, 0x0000000082200000| Complete 
|  35|0x0000000082300000, 0x0000000082400000, 0x0000000082400000|100%|HC|  |TAMS 0x0000000082400000, 0x0000000082300000| Complete 
|  36|0x0000000082400000, 0x0000000082500000, 0x0000000082500000|100%|HC|  |TAMS 0x0000000082500000, 0x0000000082400000| Complete 
|  37|0x0000000082500000, 0x0000000082600000, 0x0000000082600000|100%|HS|  |TAMS 0x0000000082600000, 0x0000000082500000| Complete 
|  38|0x0000000082600000, 0x0000000082700000, 0x0000000082700000|100%|HC|  |TAMS 0x0000000082700000, 0x0000000082600000| Complete 
|  39|0x0000000082700000, 0x0000000082800000, 0x0000000082800000|100%|HC|  |TAMS 0x0000000082800000, 0x0000000082700000| Complete 
|  40|0x0000000082800000, 0x0000000082900000, 0x0000000082900000|100%| O|  |TAMS 0x0000000082900000, 0x0000000082800000| Untracked 
|  41|0x0000000082900000, 0x0000000082a00000, 0x0000000082a00000|100%| O|  |TAMS 0x0000000082a00000, 0x0000000082900000| Untracked 
|  42|0x0000000082a00000, 0x0000000082b00000, 0x0000000082b00000|100%| O|  |TAMS 0x0000000082b00000, 0x0000000082a00000| Complete 
|  43|0x0000000082b00000, 0x0000000082c00000, 0x0000000082c00000|100%| O|  |TAMS 0x0000000082c00000, 0x0000000082b00000| Untracked 
|  44|0x0000000082c00000, 0x0000000082d00000, 0x0000000082d00000|100%| O|  |TAMS 0x0000000082d00000, 0x0000000082c00000| Untracked 
|  45|0x0000000082d00000, 0x0000000082e00000, 0x0000000082e00000|100%| O|  |TAMS 0x0000000082e00000, 0x0000000082d00000| Untracked 
|  46|0x0000000082e00000, 0x0000000082f00000, 0x0000000082f00000|100%| O|  |TAMS 0x0000000082f00000, 0x0000000082e00000| Untracked 
|  47|0x0000000082f00000, 0x0000000083000000, 0x0000000083000000|100%| O|  |TAMS 0x0000000083000000, 0x0000000082f00000| Untracked 
|  48|0x0000000083000000, 0x0000000083100000, 0x0000000083100000|100%| O|  |TAMS 0x0000000083100000, 0x0000000083000000| Untracked 
|  49|0x0000000083100000, 0x0000000083200000, 0x0000000083200000|100%| O|  |TAMS 0x0000000083200000, 0x0000000083100000| Untracked 
|  50|0x0000000083200000, 0x0000000083300000, 0x0000000083300000|100%| O|  |TAMS 0x0000000083300000, 0x0000000083200000| Untracked 
|  51|0x0000000083300000, 0x0000000083400000, 0x0000000083400000|100%| O|  |TAMS 0x0000000083400000, 0x0000000083300000| Untracked 
|  52|0x0000000083400000, 0x0000000083500000, 0x0000000083500000|100%| O|  |TAMS 0x0000000083500000, 0x0000000083400000| Untracked 
|  53|0x0000000083500000, 0x0000000083600000, 0x0000000083600000|100%| O|  |TAMS 0x0000000083600000, 0x0000000083500000| Untracked 
|  54|0x0000000083600000, 0x0000000083700000, 0x0000000083700000|100%| O|  |TAMS 0x0000000083700000, 0x0000000083600000| Untracked 
|  55|0x0000000083700000, 0x0000000083800000, 0x0000000083800000|100%| O|  |TAMS 0x0000000083800000, 0x0000000083700000| Complete 
|  56|0x0000000083800000, 0x0000000083900000, 0x0000000083900000|100%| O|  |TAMS 0x0000000083900000, 0x0000000083800000| Untracked 
|  57|0x0000000083900000, 0x0000000083a00000, 0x0000000083a00000|100%| O|  |TAMS 0x0000000083a00000, 0x0000000083900000| Untracked 
|  58|0x0000000083a00000, 0x0000000083b00000, 0x0000000083b00000|100%| O|  |TAMS 0x0000000083b00000, 0x0000000083a00000| Complete 
|  59|0x0000000083b00000, 0x0000000083c00000, 0x0000000083c00000|100%| O|  |TAMS 0x0000000083c00000, 0x0000000083b00000| Untracked 
|  60|0x0000000083c00000, 0x0000000083d00000, 0x0000000083d00000|100%| O|  |TAMS 0x0000000083d00000, 0x0000000083c00000| Complete 
|  61|0x0000000083d00000, 0x0000000083e00000, 0x0000000083e00000|100%| O|  |TAMS 0x0000000083e00000, 0x0000000083d00000| Untracked 
|  62|0x0000000083e00000, 0x0000000083f00000, 0x0000000083f00000|100%| O|  |TAMS 0x0000000083f00000, 0x0000000083e00000| Complete 
|  63|0x0000000083f00000, 0x0000000084000000, 0x0000000084000000|100%| O|  |TAMS 0x0000000084000000, 0x0000000083f00000| Untracked 
|  64|0x0000000084000000, 0x0000000084100000, 0x0000000084100000|100%| O|  |TAMS 0x0000000084100000, 0x0000000084000000| Untracked 
|  65|0x0000000084100000, 0x0000000084200000, 0x0000000084200000|100%| O|  |TAMS 0x0000000084200000, 0x0000000084100000| Complete 
|  66|0x0000000084200000, 0x0000000084300000, 0x0000000084300000|100%| O|  |TAMS 0x0000000084300000, 0x0000000084200000| Complete 
|  67|0x0000000084300000, 0x0000000084400000, 0x0000000084400000|100%| O|  |TAMS 0x0000000084400000, 0x0000000084300000| Untracked 
|  68|0x0000000084400000, 0x0000000084500000, 0x0000000084500000|100%| O|  |TAMS 0x0000000084500000, 0x0000000084400000| Complete 
|  69|0x0000000084500000, 0x0000000084600000, 0x0000000084600000|100%| O|  |TAMS 0x0000000084600000, 0x0000000084500000| Untracked 
|  70|0x0000000084600000, 0x0000000084700000, 0x0000000084700000|100%|HS|  |TAMS 0x0000000084700000, 0x0000000084600000| Complete 
|  71|0x0000000084700000, 0x0000000084800000, 0x0000000084800000|100%|HS|  |TAMS 0x0000000084800000, 0x0000000084700000| Complete 
|  72|0x0000000084800000, 0x0000000084900000, 0x0000000084900000|100%|HS|  |TAMS 0x0000000084900000, 0x0000000084800000| Complete 
|  73|0x0000000084900000, 0x0000000084a00000, 0x0000000084a00000|100%|HS|  |TAMS 0x0000000084a00000, 0x0000000084900000| Complete 
|  74|0x0000000084a00000, 0x0000000084b00000, 0x0000000084b00000|100%|HS|  |TAMS 0x0000000084b00000, 0x0000000084a00000| Complete 
|  75|0x0000000084b00000, 0x0000000084c00000, 0x0000000084c00000|100%| O|  |TAMS 0x0000000084c00000, 0x0000000084b00000| Untracked 
|  76|0x0000000084c00000, 0x0000000084d00000, 0x0000000084d00000|100%| O|  |TAMS 0x0000000084d00000, 0x0000000084c00000| Untracked 
|  77|0x0000000084d00000, 0x0000000084e00000, 0x0000000084e00000|100%| O|  |TAMS 0x0000000084e00000, 0x0000000084d00000| Untracked 
|  78|0x0000000084e00000, 0x0000000084f00000, 0x0000000084f00000|100%| O|  |TAMS 0x0000000084f00000, 0x0000000084e00000| Untracked 
|  79|0x0000000084f00000, 0x0000000085000000, 0x0000000085000000|100%| O|  |TAMS 0x0000000085000000, 0x0000000084f00000| Untracked 
|  80|0x0000000085000000, 0x0000000085100000, 0x0000000085100000|100%| O|  |TAMS 0x0000000085100000, 0x0000000085000000| Untracked 
|  81|0x0000000085100000, 0x0000000085200000, 0x0000000085200000|100%| O|  |TAMS 0x0000000085200000, 0x0000000085100000| Untracked 
|  82|0x0000000085200000, 0x0000000085300000, 0x0000000085300000|100%| O|  |TAMS 0x0000000085300000, 0x0000000085200000| Untracked 
|  83|0x0000000085300000, 0x0000000085400000, 0x0000000085400000|100%|HS|  |TAMS 0x0000000085400000, 0x0000000085300000| Complete 
|  84|0x0000000085400000, 0x0000000085500000, 0x0000000085500000|100%| O|  |TAMS 0x0000000085500000, 0x0000000085400000| Untracked 
|  85|0x0000000085500000, 0x0000000085600000, 0x0000000085600000|100%| O|  |TAMS 0x0000000085600000, 0x0000000085500000| Untracked 
|  86|0x0000000085600000, 0x0000000085700000, 0x0000000085700000|100%| O|  |TAMS 0x0000000085700000, 0x0000000085600000| Untracked 
|  87|0x0000000085700000, 0x0000000085800000, 0x0000000085800000|100%|HS|  |TAMS 0x0000000085800000, 0x0000000085700000| Complete 
|  88|0x0000000085800000, 0x0000000085900000, 0x0000000085900000|100%|HC|  |TAMS 0x0000000085900000, 0x0000000085800000| Complete 
|  89|0x0000000085900000, 0x0000000085a00000, 0x0000000085a00000|100%|HC|  |TAMS 0x0000000085a00000, 0x0000000085900000| Complete 
|  90|0x0000000085a00000, 0x0000000085b00000, 0x0000000085b00000|100%|HS|  |TAMS 0x0000000085b00000, 0x0000000085a00000| Complete 
|  91|0x0000000085b00000, 0x0000000085b00000, 0x0000000085c00000|  0%| F|  |TAMS 0x0000000085b00000, 0x0000000085b00000| Untracked 
|  92|0x0000000085c00000, 0x0000000085c00000, 0x0000000085d00000|  0%| F|  |TAMS 0x0000000085c00000, 0x0000000085c00000| Untracked 
|  93|0x0000000085d00000, 0x0000000085d00000, 0x0000000085e00000|  0%| F|  |TAMS 0x0000000085d00000, 0x0000000085d00000| Untracked 
|  94|0x0000000085e00000, 0x0000000085f00000, 0x0000000085f00000|100%| O|  |TAMS 0x0000000085f00000, 0x0000000085e00000| Untracked 
|  95|0x0000000085f00000, 0x0000000086000000, 0x0000000086000000|100%| O|  |TAMS 0x0000000086000000, 0x0000000085f00000| Untracked 
|  96|0x0000000086000000, 0x0000000086100000, 0x0000000086100000|100%| O|  |TAMS 0x0000000086100000, 0x0000000086000000| Untracked 
|  97|0x0000000086100000, 0x0000000086200000, 0x0000000086200000|100%| O|  |TAMS 0x0000000086200000, 0x0000000086100000| Untracked 
|  98|0x0000000086200000, 0x0000000086300000, 0x0000000086300000|100%| O|  |TAMS 0x0000000086300000, 0x0000000086200000| Complete 
|  99|0x0000000086300000, 0x0000000086400000, 0x0000000086400000|100%| O|  |TAMS 0x0000000086400000, 0x0000000086300000| Untracked 
| 100|0x0000000086400000, 0x0000000086500000, 0x0000000086500000|100%| O|  |TAMS 0x0000000086500000, 0x0000000086400000| Untracked 
| 101|0x0000000086500000, 0x0000000086600000, 0x0000000086600000|100%| O|  |TAMS 0x0000000086600000, 0x0000000086500000| Untracked 
| 102|0x0000000086600000, 0x0000000086700000, 0x0000000086700000|100%| O|  |TAMS 0x0000000086700000, 0x0000000086600000| Untracked 
| 103|0x0000000086700000, 0x0000000086800000, 0x0000000086800000|100%| O|  |TAMS 0x0000000086800000, 0x0000000086700000| Untracked 
| 104|0x0000000086800000, 0x0000000086900000, 0x0000000086900000|100%| O|  |TAMS 0x0000000086900000, 0x0000000086800000| Untracked 
| 105|0x0000000086900000, 0x0000000086a00000, 0x0000000086a00000|100%|HS|  |TAMS 0x0000000086a00000, 0x0000000086900000| Complete 
| 106|0x0000000086a00000, 0x0000000086b00000, 0x0000000086b00000|100%|HS|  |TAMS 0x0000000086b00000, 0x0000000086a00000| Complete 
| 107|0x0000000086b00000, 0x0000000086c00000, 0x0000000086c00000|100%|HS|  |TAMS 0x0000000086c00000, 0x0000000086b00000| Complete 
| 108|0x0000000086c00000, 0x0000000086d00000, 0x0000000086d00000|100%| O|  |TAMS 0x0000000086d00000, 0x0000000086c00000| Untracked 
| 109|0x0000000086d00000, 0x0000000086e00000, 0x0000000086e00000|100%| O|  |TAMS 0x0000000086e00000, 0x0000000086d00000| Complete 
| 110|0x0000000086e00000, 0x0000000086f00000, 0x0000000086f00000|100%| O|  |TAMS 0x0000000086f00000, 0x0000000086e00000| Complete 
| 111|0x0000000086f00000, 0x0000000087000000, 0x0000000087000000|100%| O|  |TAMS 0x0000000087000000, 0x0000000086f00000| Complete 
| 112|0x0000000087000000, 0x0000000087100000, 0x0000000087100000|100%| O|  |TAMS 0x0000000087100000, 0x0000000087000000| Complete 
| 113|0x0000000087100000, 0x0000000087200000, 0x0000000087200000|100%| O|  |TAMS 0x0000000087200000, 0x0000000087100000| Untracked 
| 114|0x0000000087200000, 0x0000000087300000, 0x0000000087300000|100%| O|  |TAMS 0x0000000087300000, 0x0000000087200000| Untracked 
| 115|0x0000000087300000, 0x0000000087400000, 0x0000000087400000|100%| O|  |TAMS 0x0000000087400000, 0x0000000087300000| Untracked 
| 116|0x0000000087400000, 0x0000000087500000, 0x0000000087500000|100%| O|  |TAMS 0x0000000087500000, 0x0000000087400000| Untracked 
| 117|0x0000000087500000, 0x0000000087600000, 0x0000000087600000|100%| O|  |TAMS 0x0000000087600000, 0x0000000087500000| Untracked 
| 118|0x0000000087600000, 0x0000000087700000, 0x0000000087700000|100%| O|  |TAMS 0x0000000087700000, 0x0000000087600000| Untracked 
| 119|0x0000000087700000, 0x0000000087800000, 0x0000000087800000|100%| O|  |TAMS 0x0000000087800000, 0x0000000087700000| Untracked 
| 120|0x0000000087800000, 0x0000000087900000, 0x0000000087900000|100%| O|  |TAMS 0x0000000087900000, 0x0000000087800000| Untracked 
| 121|0x0000000087900000, 0x0000000087a00000, 0x0000000087a00000|100%| O|  |TAMS 0x0000000087a00000, 0x0000000087900000| Complete 
| 122|0x0000000087a00000, 0x0000000087b00000, 0x0000000087b00000|100%| O|  |TAMS 0x0000000087b00000, 0x0000000087a00000| Complete 
| 123|0x0000000087b00000, 0x0000000087c00000, 0x0000000087c00000|100%| O|  |TAMS 0x0000000087c00000, 0x0000000087b00000| Complete 
| 124|0x0000000087c00000, 0x0000000087d00000, 0x0000000087d00000|100%| O|  |TAMS 0x0000000087d00000, 0x0000000087c00000| Complete 
| 125|0x0000000087d00000, 0x0000000087e00000, 0x0000000087e00000|100%| O|  |TAMS 0x0000000087e00000, 0x0000000087d00000| Complete 
| 126|0x0000000087e00000, 0x0000000087f00000, 0x0000000087f00000|100%| O|  |TAMS 0x0000000087f00000, 0x0000000087e00000| Complete 
| 127|0x0000000087f00000, 0x0000000088000000, 0x0000000088000000|100%| O|  |TAMS 0x0000000088000000, 0x0000000087f00000| Complete 
| 128|0x0000000088000000, 0x0000000088100000, 0x0000000088100000|100%| O|  |TAMS 0x0000000088100000, 0x0000000088000000| Complete 
| 129|0x0000000088100000, 0x0000000088200000, 0x0000000088200000|100%| O|  |TAMS 0x0000000088200000, 0x0000000088100000| Complete 
| 130|0x0000000088200000, 0x0000000088300000, 0x0000000088300000|100%| O|  |TAMS 0x0000000088300000, 0x0000000088200000| Complete 
| 131|0x0000000088300000, 0x0000000088400000, 0x0000000088400000|100%| O|  |TAMS 0x0000000088400000, 0x0000000088300000| Untracked 
| 132|0x0000000088400000, 0x0000000088500000, 0x0000000088500000|100%| O|  |TAMS 0x0000000088500000, 0x0000000088400000| Complete 
| 133|0x0000000088500000, 0x0000000088600000, 0x0000000088600000|100%| O|  |TAMS 0x0000000088600000, 0x0000000088500000| Untracked 
| 134|0x0000000088600000, 0x0000000088700000, 0x0000000088700000|100%| O|  |TAMS 0x0000000088700000, 0x0000000088600000| Untracked 
| 135|0x0000000088700000, 0x0000000088800000, 0x0000000088800000|100%| O|  |TAMS 0x0000000088800000, 0x0000000088700000| Untracked 
| 136|0x0000000088800000, 0x0000000088900000, 0x0000000088900000|100%| O|  |TAMS 0x0000000088900000, 0x0000000088800000| Untracked 
| 137|0x0000000088900000, 0x0000000088a00000, 0x0000000088a00000|100%| O|  |TAMS 0x0000000088a00000, 0x0000000088900000| Untracked 
| 138|0x0000000088a00000, 0x0000000088b00000, 0x0000000088b00000|100%| O|  |TAMS 0x0000000088b00000, 0x0000000088a00000| Complete 
| 139|0x0000000088b00000, 0x0000000088b00000, 0x0000000088c00000|  0%| F|  |TAMS 0x0000000088b00000, 0x0000000088b00000| Untracked 
| 140|0x0000000088c00000, 0x0000000088d00000, 0x0000000088d00000|100%| O|  |TAMS 0x0000000088d00000, 0x0000000088c00000| Untracked 
| 141|0x0000000088d00000, 0x0000000088e00000, 0x0000000088e00000|100%| O|  |TAMS 0x0000000088e00000, 0x0000000088d00000| Complete 
| 142|0x0000000088e00000, 0x0000000088f00000, 0x0000000088f00000|100%| O|  |TAMS 0x0000000088f00000, 0x0000000088e00000| Complete 
| 143|0x0000000088f00000, 0x0000000089000000, 0x0000000089000000|100%| O|  |TAMS 0x0000000089000000, 0x0000000088f00000| Complete 
| 144|0x0000000089000000, 0x0000000089100000, 0x0000000089100000|100%| O|  |TAMS 0x0000000089100000, 0x0000000089000000| Complete 
| 145|0x0000000089100000, 0x0000000089200000, 0x0000000089200000|100%| O|  |TAMS 0x0000000089200000, 0x0000000089100000| Complete 
| 146|0x0000000089200000, 0x0000000089300000, 0x0000000089300000|100%| O|  |TAMS 0x0000000089300000, 0x0000000089200000| Complete 
| 147|0x0000000089300000, 0x0000000089400000, 0x0000000089400000|100%| O|  |TAMS 0x0000000089400000, 0x0000000089300000| Complete 
| 148|0x0000000089400000, 0x0000000089400000, 0x0000000089500000|  0%| F|  |TAMS 0x0000000089400000, 0x0000000089400000| Untracked 
| 149|0x0000000089500000, 0x0000000089600000, 0x0000000089600000|100%| O|  |TAMS 0x0000000089600000, 0x0000000089500000| Complete 
| 150|0x0000000089600000, 0x0000000089700000, 0x0000000089700000|100%| O|  |TAMS 0x0000000089700000, 0x0000000089600000| Untracked 
| 151|0x0000000089700000, 0x00000000897ffff8, 0x0000000089800000| 99%| O|  |TAMS 0x00000000897ffff8, 0x0000000089700000| Complete 
| 152|0x0000000089800000, 0x0000000089800000, 0x0000000089900000|  0%| F|  |TAMS 0x0000000089800000, 0x0000000089800000| Untracked 
| 153|0x0000000089900000, 0x0000000089a00000, 0x0000000089a00000|100%| O|  |TAMS 0x0000000089a00000, 0x0000000089900000| Untracked 
| 154|0x0000000089a00000, 0x0000000089a00000, 0x0000000089b00000|  0%| F|  |TAMS 0x0000000089a00000, 0x0000000089a00000| Untracked 
| 155|0x0000000089b00000, 0x0000000089b00000, 0x0000000089c00000|  0%| F|  |TAMS 0x0000000089b00000, 0x0000000089b00000| Untracked 
| 156|0x0000000089c00000, 0x0000000089c00000, 0x0000000089d00000|  0%| F|  |TAMS 0x0000000089c00000, 0x0000000089c00000| Untracked 
| 157|0x0000000089d00000, 0x0000000089e00000, 0x0000000089e00000|100%| O|  |TAMS 0x0000000089e00000, 0x0000000089d00000| Complete 
| 158|0x0000000089e00000, 0x0000000089f00000, 0x0000000089f00000|100%| O|  |TAMS 0x0000000089f00000, 0x0000000089e00000| Untracked 
| 159|0x0000000089f00000, 0x000000008a000000, 0x000000008a000000|100%| O|  |TAMS 0x000000008a000000, 0x0000000089f00000| Untracked 
| 160|0x000000008a000000, 0x000000008a000000, 0x000000008a100000|  0%| F|  |TAMS 0x000000008a000000, 0x000000008a000000| Untracked 
| 161|0x000000008a100000, 0x000000008a100000, 0x000000008a200000|  0%| F|  |TAMS 0x000000008a100000, 0x000000008a100000| Untracked 
| 162|0x000000008a200000, 0x000000008a300000, 0x000000008a300000|100%| O|  |TAMS 0x000000008a300000, 0x000000008a200000| Complete 
| 163|0x000000008a300000, 0x000000008a300000, 0x000000008a400000|  0%| F|  |TAMS 0x000000008a300000, 0x000000008a300000| Untracked 
| 164|0x000000008a400000, 0x000000008a500000, 0x000000008a500000|100%| O|  |TAMS 0x000000008a500000, 0x000000008a400000| Untracked 
| 165|0x000000008a500000, 0x000000008a600000, 0x000000008a600000|100%| O|  |TAMS 0x000000008a600000, 0x000000008a500000| Untracked 
| 166|0x000000008a600000, 0x000000008a700000, 0x000000008a700000|100%| O|  |TAMS 0x000000008a700000, 0x000000008a600000| Untracked 
| 167|0x000000008a700000, 0x000000008a800000, 0x000000008a800000|100%| O|  |TAMS 0x000000008a800000, 0x000000008a700000| Untracked 
| 168|0x000000008a800000, 0x000000008a900000, 0x000000008a900000|100%| O|  |TAMS 0x000000008a900000, 0x000000008a800000| Complete 
| 169|0x000000008a900000, 0x000000008aa00000, 0x000000008aa00000|100%| O|  |TAMS 0x000000008aa00000, 0x000000008a900000| Complete 
| 170|0x000000008aa00000, 0x000000008ab00000, 0x000000008ab00000|100%| O|  |TAMS 0x000000008ab00000, 0x000000008aa00000| Untracked 
| 171|0x000000008ab00000, 0x000000008ac00000, 0x000000008ac00000|100%| O|  |TAMS 0x000000008ac00000, 0x000000008ab00000| Untracked 
| 172|0x000000008ac00000, 0x000000008ad00000, 0x000000008ad00000|100%| O|  |TAMS 0x000000008ad00000, 0x000000008ac00000| Untracked 
| 173|0x000000008ad00000, 0x000000008ae00000, 0x000000008ae00000|100%| O|  |TAMS 0x000000008ae00000, 0x000000008ad00000| Untracked 
| 174|0x000000008ae00000, 0x000000008af00000, 0x000000008af00000|100%| O|  |TAMS 0x000000008af00000, 0x000000008ae00000| Untracked 
| 175|0x000000008af00000, 0x000000008b000000, 0x000000008b000000|100%| O|  |TAMS 0x000000008b000000, 0x000000008af00000| Untracked 
| 176|0x000000008b000000, 0x000000008b100000, 0x000000008b100000|100%| O|  |TAMS 0x000000008b100000, 0x000000008b000000| Untracked 
| 177|0x000000008b100000, 0x000000008b200000, 0x000000008b200000|100%| O|  |TAMS 0x000000008b200000, 0x000000008b100000| Untracked 
| 178|0x000000008b200000, 0x000000008b300000, 0x000000008b300000|100%| O|  |TAMS 0x000000008b300000, 0x000000008b200000| Untracked 
| 179|0x000000008b300000, 0x000000008b400000, 0x000000008b400000|100%| O|  |TAMS 0x000000008b400000, 0x000000008b300000| Untracked 
| 180|0x000000008b400000, 0x000000008b500000, 0x000000008b500000|100%| O|  |TAMS 0x000000008b500000, 0x000000008b400000| Untracked 
| 181|0x000000008b500000, 0x000000008b600000, 0x000000008b600000|100%| O|  |TAMS 0x000000008b600000, 0x000000008b500000| Untracked 
| 182|0x000000008b600000, 0x000000008b700000, 0x000000008b700000|100%| O|  |TAMS 0x000000008b700000, 0x000000008b600000| Untracked 
| 183|0x000000008b700000, 0x000000008b800000, 0x000000008b800000|100%| O|  |TAMS 0x000000008b800000, 0x000000008b700000| Untracked 
| 184|0x000000008b800000, 0x000000008b900000, 0x000000008b900000|100%| O|  |TAMS 0x000000008b900000, 0x000000008b800000| Untracked 
| 185|0x000000008b900000, 0x000000008ba00000, 0x000000008ba00000|100%| O|  |TAMS 0x000000008ba00000, 0x000000008b900000| Untracked 
| 186|0x000000008ba00000, 0x000000008bb00000, 0x000000008bb00000|100%| O|  |TAMS 0x000000008bb00000, 0x000000008ba00000| Untracked 
| 187|0x000000008bb00000, 0x000000008bc00000, 0x000000008bc00000|100%| O|  |TAMS 0x000000008bc00000, 0x000000008bb00000| Untracked 
| 188|0x000000008bc00000, 0x000000008bd00000, 0x000000008bd00000|100%| O|  |TAMS 0x000000008bd00000, 0x000000008bc00000| Untracked 
| 189|0x000000008bd00000, 0x000000008be00000, 0x000000008be00000|100%| O|  |TAMS 0x000000008be00000, 0x000000008bd00000| Untracked 
| 190|0x000000008be00000, 0x000000008bf00000, 0x000000008bf00000|100%| O|  |TAMS 0x000000008bf00000, 0x000000008be00000| Complete 
| 191|0x000000008bf00000, 0x000000008c000000, 0x000000008c000000|100%| O|  |TAMS 0x000000008c000000, 0x000000008bf00000| Complete 
| 192|0x000000008c000000, 0x000000008c100000, 0x000000008c100000|100%| O|  |TAMS 0x000000008c100000, 0x000000008c000000| Untracked 
| 193|0x000000008c100000, 0x000000008c200000, 0x000000008c200000|100%| O|  |TAMS 0x000000008c200000, 0x000000008c100000| Untracked 
| 194|0x000000008c200000, 0x000000008c300000, 0x000000008c300000|100%| O|  |TAMS 0x000000008c300000, 0x000000008c200000| Untracked 
| 195|0x000000008c300000, 0x000000008c400000, 0x000000008c400000|100%| O|  |TAMS 0x000000008c400000, 0x000000008c300000| Untracked 
| 196|0x000000008c400000, 0x000000008c500000, 0x000000008c500000|100%| O|  |TAMS 0x000000008c500000, 0x000000008c400000| Untracked 
| 197|0x000000008c500000, 0x000000008c600000, 0x000000008c600000|100%| O|  |TAMS 0x000000008c600000, 0x000000008c500000| Untracked 
| 198|0x000000008c600000, 0x000000008c700000, 0x000000008c700000|100%| O|  |TAMS 0x000000008c700000, 0x000000008c600000| Untracked 
| 199|0x000000008c700000, 0x000000008c800000, 0x000000008c800000|100%| O|  |TAMS 0x000000008c800000, 0x000000008c700000| Untracked 
| 200|0x000000008c800000, 0x000000008c900000, 0x000000008c900000|100%| O|  |TAMS 0x000000008c900000, 0x000000008c800000| Untracked 
| 201|0x000000008c900000, 0x000000008ca00000, 0x000000008ca00000|100%| O|  |TAMS 0x000000008ca00000, 0x000000008c900000| Untracked 
| 202|0x000000008ca00000, 0x000000008cb00000, 0x000000008cb00000|100%| O|  |TAMS 0x000000008cb00000, 0x000000008ca00000| Untracked 
| 203|0x000000008cb00000, 0x000000008cc00000, 0x000000008cc00000|100%| O|  |TAMS 0x000000008cc00000, 0x000000008cb00000| Untracked 
| 204|0x000000008cc00000, 0x000000008cd00000, 0x000000008cd00000|100%| O|  |TAMS 0x000000008cd00000, 0x000000008cc00000| Untracked 
| 205|0x000000008cd00000, 0x000000008ce00000, 0x000000008ce00000|100%| O|  |TAMS 0x000000008ce00000, 0x000000008cd00000| Untracked 
| 206|0x000000008ce00000, 0x000000008ce1f000, 0x000000008cf00000| 12%| O|  |TAMS 0x000000008ce1ee08, 0x000000008ce00000| Untracked 
| 207|0x000000008cf00000, 0x000000008cf00000, 0x000000008d000000|  0%| F|  |TAMS 0x000000008cf00000, 0x000000008cf00000| Untracked 
| 208|0x000000008d000000, 0x000000008d000000, 0x000000008d100000|  0%| F|  |TAMS 0x000000008d000000, 0x000000008d000000| Untracked 
| 209|0x000000008d100000, 0x000000008d100000, 0x000000008d200000|  0%| F|  |TAMS 0x000000008d100000, 0x000000008d100000| Untracked 
| 210|0x000000008d200000, 0x000000008d200000, 0x000000008d300000|  0%| F|  |TAMS 0x000000008d200000, 0x000000008d200000| Untracked 
| 211|0x000000008d300000, 0x000000008d300000, 0x000000008d400000|  0%| F|  |TAMS 0x000000008d300000, 0x000000008d300000| Untracked 
| 212|0x000000008d400000, 0x000000008d400000, 0x000000008d500000|  0%| F|  |TAMS 0x000000008d400000, 0x000000008d400000| Untracked 
| 213|0x000000008d500000, 0x000000008d500000, 0x000000008d600000|  0%| F|  |TAMS 0x000000008d500000, 0x000000008d500000| Untracked 
| 214|0x000000008d600000, 0x000000008d600000, 0x000000008d700000|  0%| F|  |TAMS 0x000000008d600000, 0x000000008d600000| Untracked 
| 215|0x000000008d700000, 0x000000008d700000, 0x000000008d800000|  0%| F|  |TAMS 0x000000008d700000, 0x000000008d700000| Untracked 
| 216|0x000000008d800000, 0x000000008d800000, 0x000000008d900000|  0%| F|  |TAMS 0x000000008d800000, 0x000000008d800000| Untracked 
| 217|0x000000008d900000, 0x000000008d900000, 0x000000008da00000|  0%| F|  |TAMS 0x000000008d900000, 0x000000008d900000| Untracked 
| 218|0x000000008da00000, 0x000000008da00000, 0x000000008db00000|  0%| F|  |TAMS 0x000000008da00000, 0x000000008da00000| Untracked 
| 219|0x000000008db00000, 0x000000008db00000, 0x000000008dc00000|  0%| F|  |TAMS 0x000000008db00000, 0x000000008db00000| Untracked 
| 220|0x000000008dc00000, 0x000000008dc00000, 0x000000008dd00000|  0%| F|  |TAMS 0x000000008dc00000, 0x000000008dc00000| Untracked 
| 221|0x000000008dd00000, 0x000000008dd00000, 0x000000008de00000|  0%| F|  |TAMS 0x000000008dd00000, 0x000000008dd00000| Untracked 
| 222|0x000000008de00000, 0x000000008de00000, 0x000000008df00000|  0%| F|  |TAMS 0x000000008de00000, 0x000000008de00000| Untracked 
| 223|0x000000008df00000, 0x000000008df00000, 0x000000008e000000|  0%| F|  |TAMS 0x000000008df00000, 0x000000008df00000| Untracked 
| 224|0x000000008e000000, 0x000000008e000000, 0x000000008e100000|  0%| F|  |TAMS 0x000000008e000000, 0x000000008e000000| Untracked 
| 225|0x000000008e100000, 0x000000008e100000, 0x000000008e200000|  0%| F|  |TAMS 0x000000008e100000, 0x000000008e100000| Untracked 
| 226|0x000000008e200000, 0x000000008e200000, 0x000000008e300000|  0%| F|  |TAMS 0x000000008e200000, 0x000000008e200000| Untracked 
| 227|0x000000008e300000, 0x000000008e300000, 0x000000008e400000|  0%| F|  |TAMS 0x000000008e300000, 0x000000008e300000| Untracked 
| 228|0x000000008e400000, 0x000000008e400000, 0x000000008e500000|  0%| F|  |TAMS 0x000000008e400000, 0x000000008e400000| Untracked 
| 229|0x000000008e500000, 0x000000008e500000, 0x000000008e600000|  0%| F|  |TAMS 0x000000008e500000, 0x000000008e500000| Untracked 
| 230|0x000000008e600000, 0x000000008e600000, 0x000000008e700000|  0%| F|  |TAMS 0x000000008e600000, 0x000000008e600000| Untracked 
| 231|0x000000008e700000, 0x000000008e700000, 0x000000008e800000|  0%| F|  |TAMS 0x000000008e700000, 0x000000008e700000| Untracked 
| 232|0x000000008e800000, 0x000000008e800000, 0x000000008e900000|  0%| F|  |TAMS 0x000000008e800000, 0x000000008e800000| Untracked 
| 233|0x000000008e900000, 0x000000008e900000, 0x000000008ea00000|  0%| F|  |TAMS 0x000000008e900000, 0x000000008e900000| Untracked 
| 234|0x000000008ea00000, 0x000000008ea00000, 0x000000008eb00000|  0%| F|  |TAMS 0x000000008ea00000, 0x000000008ea00000| Untracked 
| 235|0x000000008eb00000, 0x000000008eb00000, 0x000000008ec00000|  0%| F|  |TAMS 0x000000008eb00000, 0x000000008eb00000| Untracked 
| 236|0x000000008ec00000, 0x000000008ec00000, 0x000000008ed00000|  0%| F|  |TAMS 0x000000008ec00000, 0x000000008ec00000| Untracked 
| 237|0x000000008ed00000, 0x000000008ed00000, 0x000000008ee00000|  0%| F|  |TAMS 0x000000008ed00000, 0x000000008ed00000| Untracked 
| 238|0x000000008ee00000, 0x000000008ee00000, 0x000000008ef00000|  0%| F|  |TAMS 0x000000008ee00000, 0x000000008ee00000| Untracked 
| 239|0x000000008ef00000, 0x000000008ef00000, 0x000000008f000000|  0%| F|  |TAMS 0x000000008ef00000, 0x000000008ef00000| Untracked 
| 240|0x000000008f000000, 0x000000008f000000, 0x000000008f100000|  0%| F|  |TAMS 0x000000008f000000, 0x000000008f000000| Untracked 
| 241|0x000000008f100000, 0x000000008f100000, 0x000000008f200000|  0%| F|  |TAMS 0x000000008f100000, 0x000000008f100000| Untracked 
| 242|0x000000008f200000, 0x000000008f200000, 0x000000008f300000|  0%| F|  |TAMS 0x000000008f200000, 0x000000008f200000| Untracked 
| 243|0x000000008f300000, 0x000000008f300000, 0x000000008f400000|  0%| F|  |TAMS 0x000000008f300000, 0x000000008f300000| Untracked 
| 244|0x000000008f400000, 0x000000008f400000, 0x000000008f500000|  0%| F|  |TAMS 0x000000008f400000, 0x000000008f400000| Untracked 
| 245|0x000000008f500000, 0x000000008f500000, 0x000000008f600000|  0%| F|  |TAMS 0x000000008f500000, 0x000000008f500000| Untracked 
| 246|0x000000008f600000, 0x000000008f600000, 0x000000008f700000|  0%| F|  |TAMS 0x000000008f600000, 0x000000008f600000| Untracked 
| 247|0x000000008f700000, 0x000000008f700000, 0x000000008f800000|  0%| F|  |TAMS 0x000000008f700000, 0x000000008f700000| Untracked 
| 248|0x000000008f800000, 0x000000008f800000, 0x000000008f900000|  0%| F|  |TAMS 0x000000008f800000, 0x000000008f800000| Untracked 
| 249|0x000000008f900000, 0x000000008f900000, 0x000000008fa00000|  0%| F|  |TAMS 0x000000008f900000, 0x000000008f900000| Untracked 
| 250|0x000000008fa00000, 0x000000008fa00000, 0x000000008fb00000|  0%| F|  |TAMS 0x000000008fa00000, 0x000000008fa00000| Untracked 
| 251|0x000000008fb00000, 0x000000008fb00000, 0x000000008fc00000|  0%| F|  |TAMS 0x000000008fb00000, 0x000000008fb00000| Untracked 
| 252|0x000000008fc00000, 0x000000008fc00000, 0x000000008fd00000|  0%| F|  |TAMS 0x000000008fc00000, 0x000000008fc00000| Untracked 
| 253|0x000000008fd00000, 0x000000008fd00000, 0x000000008fe00000|  0%| F|  |TAMS 0x000000008fd00000, 0x000000008fd00000| Untracked 
| 254|0x000000008fe00000, 0x000000008fe00000, 0x000000008ff00000|  0%| F|  |TAMS 0x000000008fe00000, 0x000000008fe00000| Untracked 
| 255|0x000000008ff00000, 0x000000008ff00000, 0x0000000090000000|  0%| F|  |TAMS 0x000000008ff00000, 0x000000008ff00000| Untracked 
| 256|0x0000000090000000, 0x0000000090000000, 0x0000000090100000|  0%| F|  |TAMS 0x0000000090000000, 0x0000000090000000| Untracked 
| 257|0x0000000090100000, 0x0000000090200000, 0x0000000090200000|100%| O|  |TAMS 0x0000000090200000, 0x0000000090100000| Complete 
| 258|0x0000000090200000, 0x0000000090200000, 0x0000000090300000|  0%| F|  |TAMS 0x0000000090200000, 0x0000000090200000| Untracked 
| 259|0x0000000090300000, 0x0000000090300000, 0x0000000090400000|  0%| F|  |TAMS 0x0000000090300000, 0x0000000090300000| Untracked 
| 260|0x0000000090400000, 0x0000000090400000, 0x0000000090500000|  0%| F|  |TAMS 0x0000000090400000, 0x0000000090400000| Untracked 
| 261|0x0000000090500000, 0x0000000090500000, 0x0000000090600000|  0%| F|  |TAMS 0x0000000090500000, 0x0000000090500000| Untracked 
| 262|0x0000000090600000, 0x0000000090600000, 0x0000000090700000|  0%| F|  |TAMS 0x0000000090600000, 0x0000000090600000| Untracked 
| 263|0x0000000090700000, 0x0000000090700000, 0x0000000090800000|  0%| F|  |TAMS 0x0000000090700000, 0x0000000090700000| Untracked 
| 264|0x0000000090800000, 0x0000000090800000, 0x0000000090900000|  0%| F|  |TAMS 0x0000000090800000, 0x0000000090800000| Untracked 
| 265|0x0000000090900000, 0x0000000090900000, 0x0000000090a00000|  0%| F|  |TAMS 0x0000000090900000, 0x0000000090900000| Untracked 
| 266|0x0000000090a00000, 0x0000000090a00000, 0x0000000090b00000|  0%| F|  |TAMS 0x0000000090a00000, 0x0000000090a00000| Untracked 
| 267|0x0000000090b00000, 0x0000000090b00000, 0x0000000090c00000|  0%| F|  |TAMS 0x0000000090b00000, 0x0000000090b00000| Untracked 
| 268|0x0000000090c00000, 0x0000000090c00000, 0x0000000090d00000|  0%| F|  |TAMS 0x0000000090c00000, 0x0000000090c00000| Untracked 
| 269|0x0000000090d00000, 0x0000000090db9b50, 0x0000000090e00000| 72%| S|CS|TAMS 0x0000000090d00000, 0x0000000090d00000| Complete 
| 270|0x0000000090e00000, 0x0000000090f00000, 0x0000000090f00000|100%| S|CS|TAMS 0x0000000090e00000, 0x0000000090e00000| Complete 
| 271|0x0000000090f00000, 0x0000000091000000, 0x0000000091000000|100%| S|CS|TAMS 0x0000000090f00000, 0x0000000090f00000| Complete 
| 272|0x0000000091000000, 0x0000000091100000, 0x0000000091100000|100%| S|CS|TAMS 0x0000000091000000, 0x0000000091000000| Complete 
| 273|0x0000000091100000, 0x0000000091200000, 0x0000000091200000|100%| S|CS|TAMS 0x0000000091100000, 0x0000000091100000| Complete 
| 274|0x0000000091200000, 0x0000000091300000, 0x0000000091300000|100%| S|CS|TAMS 0x0000000091200000, 0x0000000091200000| Complete 
| 275|0x0000000091300000, 0x0000000091400000, 0x0000000091400000|100%| S|CS|TAMS 0x0000000091300000, 0x0000000091300000| Complete 
| 276|0x0000000091400000, 0x0000000091500000, 0x0000000091500000|100%| S|CS|TAMS 0x0000000091400000, 0x0000000091400000| Complete 
| 277|0x0000000091500000, 0x0000000091600000, 0x0000000091600000|100%| S|CS|TAMS 0x0000000091500000, 0x0000000091500000| Complete 
| 278|0x0000000091600000, 0x0000000091700000, 0x0000000091700000|100%| S|CS|TAMS 0x0000000091600000, 0x0000000091600000| Complete 
| 279|0x0000000091700000, 0x0000000091800000, 0x0000000091800000|100%| S|CS|TAMS 0x0000000091700000, 0x0000000091700000| Complete 
| 280|0x0000000091800000, 0x0000000091900000, 0x0000000091900000|100%| S|CS|TAMS 0x0000000091800000, 0x0000000091800000| Complete 
| 281|0x0000000091900000, 0x0000000091a00000, 0x0000000091a00000|100%| S|CS|TAMS 0x0000000091900000, 0x0000000091900000| Complete 
| 282|0x0000000091a00000, 0x0000000091b00000, 0x0000000091b00000|100%| S|CS|TAMS 0x0000000091a00000, 0x0000000091a00000| Complete 
| 283|0x0000000091b00000, 0x0000000091c00000, 0x0000000091c00000|100%| S|CS|TAMS 0x0000000091b00000, 0x0000000091b00000| Complete 
| 284|0x0000000091c00000, 0x0000000091d00000, 0x0000000091d00000|100%| S|CS|TAMS 0x0000000091c00000, 0x0000000091c00000| Complete 
| 285|0x0000000091d00000, 0x0000000091e00000, 0x0000000091e00000|100%| S|CS|TAMS 0x0000000091d00000, 0x0000000091d00000| Complete 
| 286|0x0000000091e00000, 0x0000000091f00000, 0x0000000091f00000|100%| S|CS|TAMS 0x0000000091e00000, 0x0000000091e00000| Complete 
| 287|0x0000000091f00000, 0x0000000092000000, 0x0000000092000000|100%| S|CS|TAMS 0x0000000091f00000, 0x0000000091f00000| Complete 
| 288|0x0000000092000000, 0x0000000092100000, 0x0000000092100000|100%| S|CS|TAMS 0x0000000092000000, 0x0000000092000000| Complete 
| 289|0x0000000092100000, 0x0000000092200000, 0x0000000092200000|100%| S|CS|TAMS 0x0000000092100000, 0x0000000092100000| Complete 
| 290|0x0000000092200000, 0x0000000092300000, 0x0000000092300000|100%| S|CS|TAMS 0x0000000092200000, 0x0000000092200000| Complete 
| 291|0x0000000092300000, 0x0000000092400000, 0x0000000092400000|100%| S|CS|TAMS 0x0000000092300000, 0x0000000092300000| Complete 
| 292|0x0000000092400000, 0x0000000092500000, 0x0000000092500000|100%| S|CS|TAMS 0x0000000092400000, 0x0000000092400000| Complete 
| 293|0x0000000092500000, 0x0000000092500000, 0x0000000092600000|  0%| F|  |TAMS 0x0000000092500000, 0x0000000092500000| Untracked 
| 294|0x0000000092600000, 0x0000000092600000, 0x0000000092700000|  0%| F|  |TAMS 0x0000000092600000, 0x0000000092600000| Untracked 
| 295|0x0000000092700000, 0x0000000092700000, 0x0000000092800000|  0%| F|  |TAMS 0x0000000092700000, 0x0000000092700000| Untracked 
| 296|0x0000000092800000, 0x0000000092800000, 0x0000000092900000|  0%| F|  |TAMS 0x0000000092800000, 0x0000000092800000| Untracked 
| 297|0x0000000092900000, 0x0000000092900000, 0x0000000092a00000|  0%| F|  |TAMS 0x0000000092900000, 0x0000000092900000| Untracked 
| 298|0x0000000092a00000, 0x0000000092a00000, 0x0000000092b00000|  0%| F|  |TAMS 0x0000000092a00000, 0x0000000092a00000| Untracked 
| 299|0x0000000092b00000, 0x0000000092b00000, 0x0000000092c00000|  0%| F|  |TAMS 0x0000000092b00000, 0x0000000092b00000| Untracked 
| 300|0x0000000092c00000, 0x0000000092c00000, 0x0000000092d00000|  0%| F|  |TAMS 0x0000000092c00000, 0x0000000092c00000| Untracked 
| 301|0x0000000092d00000, 0x0000000092d00000, 0x0000000092e00000|  0%| F|  |TAMS 0x0000000092d00000, 0x0000000092d00000| Untracked 
| 302|0x0000000092e00000, 0x0000000092e00000, 0x0000000092f00000|  0%| F|  |TAMS 0x0000000092e00000, 0x0000000092e00000| Untracked 
| 303|0x0000000092f00000, 0x0000000092f00000, 0x0000000093000000|  0%| F|  |TAMS 0x0000000092f00000, 0x0000000092f00000| Untracked 
| 304|0x0000000093000000, 0x0000000093000000, 0x0000000093100000|  0%| F|  |TAMS 0x0000000093000000, 0x0000000093000000| Untracked 
| 305|0x0000000093100000, 0x0000000093100000, 0x0000000093200000|  0%| F|  |TAMS 0x0000000093100000, 0x0000000093100000| Untracked 
| 306|0x0000000093200000, 0x0000000093200000, 0x0000000093300000|  0%| F|  |TAMS 0x0000000093200000, 0x0000000093200000| Untracked 
| 307|0x0000000093300000, 0x0000000093300000, 0x0000000093400000|  0%| F|  |TAMS 0x0000000093300000, 0x0000000093300000| Untracked 
| 308|0x0000000093400000, 0x0000000093400000, 0x0000000093500000|  0%| F|  |TAMS 0x0000000093400000, 0x0000000093400000| Untracked 
| 309|0x0000000093500000, 0x0000000093500000, 0x0000000093600000|  0%| F|  |TAMS 0x0000000093500000, 0x0000000093500000| Untracked 
| 310|0x0000000093600000, 0x0000000093600000, 0x0000000093700000|  0%| F|  |TAMS 0x0000000093600000, 0x0000000093600000| Untracked 
| 311|0x0000000093700000, 0x0000000093700000, 0x0000000093800000|  0%| F|  |TAMS 0x0000000093700000, 0x0000000093700000| Untracked 
| 312|0x0000000093800000, 0x0000000093800000, 0x0000000093900000|  0%| F|  |TAMS 0x0000000093800000, 0x0000000093800000| Untracked 
| 313|0x0000000093900000, 0x0000000093900000, 0x0000000093a00000|  0%| F|  |TAMS 0x0000000093900000, 0x0000000093900000| Untracked 
| 314|0x0000000093a00000, 0x0000000093a00000, 0x0000000093b00000|  0%| F|  |TAMS 0x0000000093a00000, 0x0000000093a00000| Untracked 
| 315|0x0000000093b00000, 0x0000000093b00000, 0x0000000093c00000|  0%| F|  |TAMS 0x0000000093b00000, 0x0000000093b00000| Untracked 
| 316|0x0000000093c00000, 0x0000000093c00000, 0x0000000093d00000|  0%| F|  |TAMS 0x0000000093c00000, 0x0000000093c00000| Untracked 
| 317|0x0000000093d00000, 0x0000000093d00000, 0x0000000093e00000|  0%| F|  |TAMS 0x0000000093d00000, 0x0000000093d00000| Untracked 
| 318|0x0000000093e00000, 0x0000000093e00000, 0x0000000093f00000|  0%| F|  |TAMS 0x0000000093e00000, 0x0000000093e00000| Untracked 
| 319|0x0000000093f00000, 0x0000000093f00000, 0x0000000094000000|  0%| F|  |TAMS 0x0000000093f00000, 0x0000000093f00000| Untracked 
| 320|0x0000000094000000, 0x0000000094000000, 0x0000000094100000|  0%| F|  |TAMS 0x0000000094000000, 0x0000000094000000| Untracked 
| 321|0x0000000094100000, 0x0000000094100000, 0x0000000094200000|  0%| F|  |TAMS 0x0000000094100000, 0x0000000094100000| Untracked 
| 322|0x0000000094200000, 0x0000000094200000, 0x0000000094300000|  0%| F|  |TAMS 0x0000000094200000, 0x0000000094200000| Untracked 
| 323|0x0000000094300000, 0x0000000094300000, 0x0000000094400000|  0%| F|  |TAMS 0x0000000094300000, 0x0000000094300000| Untracked 
| 324|0x0000000094400000, 0x0000000094400000, 0x0000000094500000|  0%| F|  |TAMS 0x0000000094400000, 0x0000000094400000| Untracked 
| 325|0x0000000094500000, 0x0000000094500000, 0x0000000094600000|  0%| F|  |TAMS 0x0000000094500000, 0x0000000094500000| Untracked 
| 326|0x0000000094600000, 0x0000000094600000, 0x0000000094700000|  0%| F|  |TAMS 0x0000000094600000, 0x0000000094600000| Untracked 
| 327|0x0000000094700000, 0x0000000094700000, 0x0000000094800000|  0%| F|  |TAMS 0x0000000094700000, 0x0000000094700000| Untracked 
| 328|0x0000000094800000, 0x0000000094800000, 0x0000000094900000|  0%| F|  |TAMS 0x0000000094800000, 0x0000000094800000| Untracked 
| 329|0x0000000094900000, 0x0000000094900000, 0x0000000094a00000|  0%| F|  |TAMS 0x0000000094900000, 0x0000000094900000| Untracked 
| 330|0x0000000094a00000, 0x0000000094a00000, 0x0000000094b00000|  0%| F|  |TAMS 0x0000000094a00000, 0x0000000094a00000| Untracked 
| 331|0x0000000094b00000, 0x0000000094b00000, 0x0000000094c00000|  0%| F|  |TAMS 0x0000000094b00000, 0x0000000094b00000| Untracked 
| 332|0x0000000094c00000, 0x0000000094c00000, 0x0000000094d00000|  0%| F|  |TAMS 0x0000000094c00000, 0x0000000094c00000| Untracked 
| 333|0x0000000094d00000, 0x0000000094d00000, 0x0000000094e00000|  0%| F|  |TAMS 0x0000000094d00000, 0x0000000094d00000| Untracked 
| 334|0x0000000094e00000, 0x0000000094e00000, 0x0000000094f00000|  0%| F|  |TAMS 0x0000000094e00000, 0x0000000094e00000| Untracked 
| 335|0x0000000094f00000, 0x0000000094f00000, 0x0000000095000000|  0%| F|  |TAMS 0x0000000094f00000, 0x0000000094f00000| Untracked 
| 336|0x0000000095000000, 0x0000000095000000, 0x0000000095100000|  0%| F|  |TAMS 0x0000000095000000, 0x0000000095000000| Untracked 
| 337|0x0000000095100000, 0x00000000951e96e0, 0x0000000095200000| 91%| E|  |TAMS 0x0000000095100000, 0x0000000095100000| Complete 
| 338|0x0000000095200000, 0x0000000095300000, 0x0000000095300000|100%| E|CS|TAMS 0x0000000095200000, 0x0000000095200000| Complete 
| 339|0x0000000095300000, 0x0000000095400000, 0x0000000095400000|100%| E|CS|TAMS 0x0000000095300000, 0x0000000095300000| Complete 
| 340|0x0000000095400000, 0x0000000095500000, 0x0000000095500000|100%| E|CS|TAMS 0x0000000095400000, 0x0000000095400000| Complete 
| 341|0x0000000095500000, 0x0000000095600000, 0x0000000095600000|100%| E|CS|TAMS 0x0000000095500000, 0x0000000095500000| Complete 
| 342|0x0000000095600000, 0x0000000095700000, 0x0000000095700000|100%| E|CS|TAMS 0x0000000095600000, 0x0000000095600000| Complete 
| 343|0x0000000095700000, 0x0000000095800000, 0x0000000095800000|100%| E|CS|TAMS 0x0000000095700000, 0x0000000095700000| Complete 
| 344|0x0000000095800000, 0x0000000095900000, 0x0000000095900000|100%| E|CS|TAMS 0x0000000095800000, 0x0000000095800000| Complete 
| 345|0x0000000095900000, 0x0000000095a00000, 0x0000000095a00000|100%| E|CS|TAMS 0x0000000095900000, 0x0000000095900000| Complete 
| 346|0x0000000095a00000, 0x0000000095b00000, 0x0000000095b00000|100%| E|CS|TAMS 0x0000000095a00000, 0x0000000095a00000| Complete 
| 347|0x0000000095b00000, 0x0000000095c00000, 0x0000000095c00000|100%| E|CS|TAMS 0x0000000095b00000, 0x0000000095b00000| Complete 
| 348|0x0000000095c00000, 0x0000000095d00000, 0x0000000095d00000|100%| E|CS|TAMS 0x0000000095c00000, 0x0000000095c00000| Complete 
| 349|0x0000000095d00000, 0x0000000095e00000, 0x0000000095e00000|100%| E|CS|TAMS 0x0000000095d00000, 0x0000000095d00000| Complete 
| 350|0x0000000095e00000, 0x0000000095f00000, 0x0000000095f00000|100%| E|CS|TAMS 0x0000000095e00000, 0x0000000095e00000| Complete 
| 351|0x0000000095f00000, 0x0000000096000000, 0x0000000096000000|100%| E|CS|TAMS 0x0000000095f00000, 0x0000000095f00000| Complete 
| 352|0x0000000096000000, 0x0000000096100000, 0x0000000096100000|100%| E|CS|TAMS 0x0000000096000000, 0x0000000096000000| Complete 
| 353|0x0000000096100000, 0x0000000096200000, 0x0000000096200000|100%| E|CS|TAMS 0x0000000096100000, 0x0000000096100000| Complete 
| 354|0x0000000096200000, 0x0000000096300000, 0x0000000096300000|100%| E|CS|TAMS 0x0000000096200000, 0x0000000096200000| Complete 
| 355|0x0000000096300000, 0x0000000096400000, 0x0000000096400000|100%| E|CS|TAMS 0x0000000096300000, 0x0000000096300000| Complete 
| 356|0x0000000096400000, 0x0000000096500000, 0x0000000096500000|100%| E|CS|TAMS 0x0000000096400000, 0x0000000096400000| Complete 
| 357|0x0000000096500000, 0x0000000096600000, 0x0000000096600000|100%| E|CS|TAMS 0x0000000096500000, 0x0000000096500000| Complete 
| 358|0x0000000096600000, 0x0000000096700000, 0x0000000096700000|100%| E|CS|TAMS 0x0000000096600000, 0x0000000096600000| Complete 
| 359|0x0000000096700000, 0x0000000096800000, 0x0000000096800000|100%| E|CS|TAMS 0x0000000096700000, 0x0000000096700000| Complete 
| 360|0x0000000096800000, 0x0000000096900000, 0x0000000096900000|100%| E|CS|TAMS 0x0000000096800000, 0x0000000096800000| Complete 
| 361|0x0000000096900000, 0x0000000096a00000, 0x0000000096a00000|100%| E|CS|TAMS 0x0000000096900000, 0x0000000096900000| Complete 
| 362|0x0000000096a00000, 0x0000000096b00000, 0x0000000096b00000|100%| E|CS|TAMS 0x0000000096a00000, 0x0000000096a00000| Complete 
| 363|0x0000000096b00000, 0x0000000096c00000, 0x0000000096c00000|100%| E|CS|TAMS 0x0000000096b00000, 0x0000000096b00000| Complete 
| 364|0x0000000096c00000, 0x0000000096d00000, 0x0000000096d00000|100%| E|CS|TAMS 0x0000000096c00000, 0x0000000096c00000| Complete 
| 365|0x0000000096d00000, 0x0000000096e00000, 0x0000000096e00000|100%| E|CS|TAMS 0x0000000096d00000, 0x0000000096d00000| Complete 
| 366|0x0000000096e00000, 0x0000000096f00000, 0x0000000096f00000|100%| E|CS|TAMS 0x0000000096e00000, 0x0000000096e00000| Complete 
| 367|0x0000000096f00000, 0x0000000097000000, 0x0000000097000000|100%| E|CS|TAMS 0x0000000096f00000, 0x0000000096f00000| Complete 
| 368|0x0000000097000000, 0x0000000097100000, 0x0000000097100000|100%| E|CS|TAMS 0x0000000097000000, 0x0000000097000000| Complete 
| 369|0x0000000097100000, 0x0000000097200000, 0x0000000097200000|100%| E|CS|TAMS 0x0000000097100000, 0x0000000097100000| Complete 
| 370|0x0000000097200000, 0x0000000097300000, 0x0000000097300000|100%| E|CS|TAMS 0x0000000097200000, 0x0000000097200000| Complete 
| 371|0x0000000097300000, 0x0000000097400000, 0x0000000097400000|100%| E|CS|TAMS 0x0000000097300000, 0x0000000097300000| Complete 
| 372|0x0000000097400000, 0x0000000097500000, 0x0000000097500000|100%| E|CS|TAMS 0x0000000097400000, 0x0000000097400000| Complete 
| 373|0x0000000097500000, 0x0000000097600000, 0x0000000097600000|100%| E|CS|TAMS 0x0000000097500000, 0x0000000097500000| Complete 
| 374|0x0000000097600000, 0x0000000097700000, 0x0000000097700000|100%| E|CS|TAMS 0x0000000097600000, 0x0000000097600000| Complete 
| 375|0x0000000097700000, 0x0000000097800000, 0x0000000097800000|100%| E|CS|TAMS 0x0000000097700000, 0x0000000097700000| Complete 
| 376|0x0000000097800000, 0x0000000097900000, 0x0000000097900000|100%| E|CS|TAMS 0x0000000097800000, 0x0000000097800000| Complete 
| 377|0x0000000097900000, 0x0000000097a00000, 0x0000000097a00000|100%| E|CS|TAMS 0x0000000097900000, 0x0000000097900000| Complete 
| 378|0x0000000097a00000, 0x0000000097b00000, 0x0000000097b00000|100%| E|CS|TAMS 0x0000000097a00000, 0x0000000097a00000| Complete 
| 379|0x0000000097b00000, 0x0000000097c00000, 0x0000000097c00000|100%| E|CS|TAMS 0x0000000097b00000, 0x0000000097b00000| Complete 
| 380|0x0000000097c00000, 0x0000000097d00000, 0x0000000097d00000|100%| E|CS|TAMS 0x0000000097c00000, 0x0000000097c00000| Complete 
| 381|0x0000000097d00000, 0x0000000097e00000, 0x0000000097e00000|100%| E|CS|TAMS 0x0000000097d00000, 0x0000000097d00000| Complete 
| 382|0x0000000097e00000, 0x0000000097f00000, 0x0000000097f00000|100%| E|CS|TAMS 0x0000000097e00000, 0x0000000097e00000| Complete 
| 383|0x0000000097f00000, 0x0000000098000000, 0x0000000098000000|100%| E|CS|TAMS 0x0000000097f00000, 0x0000000097f00000| Complete 
| 384|0x0000000098000000, 0x0000000098100000, 0x0000000098100000|100%| E|CS|TAMS 0x0000000098000000, 0x0000000098000000| Complete 
| 385|0x0000000098100000, 0x0000000098200000, 0x0000000098200000|100%| E|CS|TAMS 0x0000000098100000, 0x0000000098100000| Complete 
| 386|0x0000000098200000, 0x0000000098300000, 0x0000000098300000|100%| E|CS|TAMS 0x0000000098200000, 0x0000000098200000| Complete 
| 387|0x0000000098300000, 0x0000000098400000, 0x0000000098400000|100%| E|CS|TAMS 0x0000000098300000, 0x0000000098300000| Complete 
| 388|0x0000000098400000, 0x0000000098500000, 0x0000000098500000|100%| E|CS|TAMS 0x0000000098400000, 0x0000000098400000| Complete 
| 389|0x0000000098500000, 0x0000000098600000, 0x0000000098600000|100%| E|CS|TAMS 0x0000000098500000, 0x0000000098500000| Complete 
| 390|0x0000000098600000, 0x0000000098700000, 0x0000000098700000|100%| E|CS|TAMS 0x0000000098600000, 0x0000000098600000| Complete 
| 391|0x0000000098700000, 0x0000000098800000, 0x0000000098800000|100%| E|CS|TAMS 0x0000000098700000, 0x0000000098700000| Complete 
| 392|0x0000000098800000, 0x0000000098900000, 0x0000000098900000|100%| E|CS|TAMS 0x0000000098800000, 0x0000000098800000| Complete 
| 393|0x0000000098900000, 0x0000000098a00000, 0x0000000098a00000|100%| E|CS|TAMS 0x0000000098900000, 0x0000000098900000| Complete 
| 394|0x0000000098a00000, 0x0000000098b00000, 0x0000000098b00000|100%| E|CS|TAMS 0x0000000098a00000, 0x0000000098a00000| Complete 
| 395|0x0000000098b00000, 0x0000000098c00000, 0x0000000098c00000|100%| E|CS|TAMS 0x0000000098b00000, 0x0000000098b00000| Complete 
| 396|0x0000000098c00000, 0x0000000098d00000, 0x0000000098d00000|100%| E|CS|TAMS 0x0000000098c00000, 0x0000000098c00000| Complete 
| 397|0x0000000098d00000, 0x0000000098e00000, 0x0000000098e00000|100%| E|CS|TAMS 0x0000000098d00000, 0x0000000098d00000| Complete 
| 398|0x0000000098e00000, 0x0000000098f00000, 0x0000000098f00000|100%| E|CS|TAMS 0x0000000098e00000, 0x0000000098e00000| Complete 
| 399|0x0000000098f00000, 0x0000000099000000, 0x0000000099000000|100%| E|CS|TAMS 0x0000000098f00000, 0x0000000098f00000| Complete 
| 400|0x0000000099000000, 0x0000000099100000, 0x0000000099100000|100%| E|CS|TAMS 0x0000000099000000, 0x0000000099000000| Complete 
| 401|0x0000000099100000, 0x0000000099200000, 0x0000000099200000|100%| E|CS|TAMS 0x0000000099100000, 0x0000000099100000| Complete 
| 402|0x0000000099200000, 0x0000000099300000, 0x0000000099300000|100%| E|CS|TAMS 0x0000000099200000, 0x0000000099200000| Complete 
| 403|0x0000000099300000, 0x0000000099400000, 0x0000000099400000|100%| E|CS|TAMS 0x0000000099300000, 0x0000000099300000| Complete 
| 404|0x0000000099400000, 0x0000000099500000, 0x0000000099500000|100%| E|CS|TAMS 0x0000000099400000, 0x0000000099400000| Complete 
| 405|0x0000000099500000, 0x0000000099600000, 0x0000000099600000|100%| E|CS|TAMS 0x0000000099500000, 0x0000000099500000| Complete 
| 406|0x0000000099600000, 0x0000000099700000, 0x0000000099700000|100%| E|CS|TAMS 0x0000000099600000, 0x0000000099600000| Complete 
| 407|0x0000000099700000, 0x0000000099800000, 0x0000000099800000|100%| E|CS|TAMS 0x0000000099700000, 0x0000000099700000| Complete 
| 408|0x0000000099800000, 0x0000000099900000, 0x0000000099900000|100%| E|CS|TAMS 0x0000000099800000, 0x0000000099800000| Complete 
| 409|0x0000000099900000, 0x0000000099a00000, 0x0000000099a00000|100%| E|CS|TAMS 0x0000000099900000, 0x0000000099900000| Complete 
| 410|0x0000000099a00000, 0x0000000099b00000, 0x0000000099b00000|100%| E|CS|TAMS 0x0000000099a00000, 0x0000000099a00000| Complete 
| 411|0x0000000099b00000, 0x0000000099c00000, 0x0000000099c00000|100%| E|CS|TAMS 0x0000000099b00000, 0x0000000099b00000| Complete 
| 412|0x0000000099c00000, 0x0000000099d00000, 0x0000000099d00000|100%| E|CS|TAMS 0x0000000099c00000, 0x0000000099c00000| Complete 
| 413|0x0000000099d00000, 0x0000000099e00000, 0x0000000099e00000|100%| E|CS|TAMS 0x0000000099d00000, 0x0000000099d00000| Complete 
| 414|0x0000000099e00000, 0x0000000099f00000, 0x0000000099f00000|100%| E|CS|TAMS 0x0000000099e00000, 0x0000000099e00000| Complete 
| 415|0x0000000099f00000, 0x000000009a000000, 0x000000009a000000|100%| E|CS|TAMS 0x0000000099f00000, 0x0000000099f00000| Complete 
| 416|0x000000009a000000, 0x000000009a100000, 0x000000009a100000|100%| E|CS|TAMS 0x000000009a000000, 0x000000009a000000| Complete 
| 417|0x000000009a100000, 0x000000009a200000, 0x000000009a200000|100%| E|CS|TAMS 0x000000009a100000, 0x000000009a100000| Complete 
| 418|0x000000009a200000, 0x000000009a300000, 0x000000009a300000|100%| E|CS|TAMS 0x000000009a200000, 0x000000009a200000| Complete 
| 419|0x000000009a300000, 0x000000009a400000, 0x000000009a400000|100%| E|CS|TAMS 0x000000009a300000, 0x000000009a300000| Complete 
| 420|0x000000009a400000, 0x000000009a500000, 0x000000009a500000|100%| E|CS|TAMS 0x000000009a400000, 0x000000009a400000| Complete 
| 421|0x000000009a500000, 0x000000009a600000, 0x000000009a600000|100%| E|CS|TAMS 0x000000009a500000, 0x000000009a500000| Complete 
| 422|0x000000009a600000, 0x000000009a700000, 0x000000009a700000|100%| E|CS|TAMS 0x000000009a600000, 0x000000009a600000| Complete 
| 423|0x000000009a700000, 0x000000009a800000, 0x000000009a800000|100%| E|CS|TAMS 0x000000009a700000, 0x000000009a700000| Complete 
| 424|0x000000009a800000, 0x000000009a900000, 0x000000009a900000|100%| E|CS|TAMS 0x000000009a800000, 0x000000009a800000| Complete 
| 425|0x000000009a900000, 0x000000009aa00000, 0x000000009aa00000|100%| E|CS|TAMS 0x000000009a900000, 0x000000009a900000| Complete 
| 426|0x000000009aa00000, 0x000000009ab00000, 0x000000009ab00000|100%| E|CS|TAMS 0x000000009aa00000, 0x000000009aa00000| Complete 
| 427|0x000000009ab00000, 0x000000009ac00000, 0x000000009ac00000|100%| E|CS|TAMS 0x000000009ab00000, 0x000000009ab00000| Complete 
| 428|0x000000009ac00000, 0x000000009ad00000, 0x000000009ad00000|100%| E|CS|TAMS 0x000000009ac00000, 0x000000009ac00000| Complete 
| 429|0x000000009ad00000, 0x000000009ae00000, 0x000000009ae00000|100%| E|CS|TAMS 0x000000009ad00000, 0x000000009ad00000| Complete 
| 430|0x000000009ae00000, 0x000000009af00000, 0x000000009af00000|100%| E|CS|TAMS 0x000000009ae00000, 0x000000009ae00000| Complete 
| 431|0x000000009af00000, 0x000000009b000000, 0x000000009b000000|100%| E|CS|TAMS 0x000000009af00000, 0x000000009af00000| Complete 
| 432|0x000000009b000000, 0x000000009b100000, 0x000000009b100000|100%| E|CS|TAMS 0x000000009b000000, 0x000000009b000000| Complete 
| 433|0x000000009b100000, 0x000000009b200000, 0x000000009b200000|100%| E|CS|TAMS 0x000000009b100000, 0x000000009b100000| Complete 
| 434|0x000000009b200000, 0x000000009b300000, 0x000000009b300000|100%| E|CS|TAMS 0x000000009b200000, 0x000000009b200000| Complete 
| 435|0x000000009b300000, 0x000000009b400000, 0x000000009b400000|100%| E|CS|TAMS 0x000000009b300000, 0x000000009b300000| Complete 
| 436|0x000000009b400000, 0x000000009b500000, 0x000000009b500000|100%| E|CS|TAMS 0x000000009b400000, 0x000000009b400000| Complete 
| 437|0x000000009b500000, 0x000000009b600000, 0x000000009b600000|100%| E|CS|TAMS 0x000000009b500000, 0x000000009b500000| Complete 
| 438|0x000000009b600000, 0x000000009b700000, 0x000000009b700000|100%| E|CS|TAMS 0x000000009b600000, 0x000000009b600000| Complete 
| 439|0x000000009b700000, 0x000000009b800000, 0x000000009b800000|100%| E|CS|TAMS 0x000000009b700000, 0x000000009b700000| Complete 
| 440|0x000000009b800000, 0x000000009b900000, 0x000000009b900000|100%| E|CS|TAMS 0x000000009b800000, 0x000000009b800000| Complete 
| 441|0x000000009b900000, 0x000000009ba00000, 0x000000009ba00000|100%| E|CS|TAMS 0x000000009b900000, 0x000000009b900000| Complete 
| 442|0x000000009ba00000, 0x000000009bb00000, 0x000000009bb00000|100%| E|CS|TAMS 0x000000009ba00000, 0x000000009ba00000| Complete 
| 443|0x000000009bb00000, 0x000000009bc00000, 0x000000009bc00000|100%| E|CS|TAMS 0x000000009bb00000, 0x000000009bb00000| Complete 
| 444|0x000000009bc00000, 0x000000009bd00000, 0x000000009bd00000|100%| E|CS|TAMS 0x000000009bc00000, 0x000000009bc00000| Complete 
| 445|0x000000009bd00000, 0x000000009be00000, 0x000000009be00000|100%| E|CS|TAMS 0x000000009bd00000, 0x000000009bd00000| Complete 
| 446|0x000000009be00000, 0x000000009bf00000, 0x000000009bf00000|100%| E|CS|TAMS 0x000000009be00000, 0x000000009be00000| Complete 
| 447|0x000000009bf00000, 0x000000009c000000, 0x000000009c000000|100%| E|CS|TAMS 0x000000009bf00000, 0x000000009bf00000| Complete 
| 448|0x000000009c000000, 0x000000009c100000, 0x000000009c100000|100%| E|CS|TAMS 0x000000009c000000, 0x000000009c000000| Complete 
| 449|0x000000009c100000, 0x000000009c200000, 0x000000009c200000|100%| E|CS|TAMS 0x000000009c100000, 0x000000009c100000| Complete 
| 450|0x000000009c200000, 0x000000009c300000, 0x000000009c300000|100%| E|CS|TAMS 0x000000009c200000, 0x000000009c200000| Complete 
| 451|0x000000009c300000, 0x000000009c400000, 0x000000009c400000|100%| E|CS|TAMS 0x000000009c300000, 0x000000009c300000| Complete 
| 452|0x000000009c400000, 0x000000009c500000, 0x000000009c500000|100%| E|CS|TAMS 0x000000009c400000, 0x000000009c400000| Complete 
| 453|0x000000009c500000, 0x000000009c600000, 0x000000009c600000|100%| E|CS|TAMS 0x000000009c500000, 0x000000009c500000| Complete 
| 454|0x000000009c600000, 0x000000009c700000, 0x000000009c700000|100%| E|CS|TAMS 0x000000009c600000, 0x000000009c600000| Complete 
| 455|0x000000009c700000, 0x000000009c800000, 0x000000009c800000|100%| E|CS|TAMS 0x000000009c700000, 0x000000009c700000| Complete 
| 456|0x000000009c800000, 0x000000009c900000, 0x000000009c900000|100%| E|CS|TAMS 0x000000009c800000, 0x000000009c800000| Complete 
| 457|0x000000009c900000, 0x000000009ca00000, 0x000000009ca00000|100%| E|CS|TAMS 0x000000009c900000, 0x000000009c900000| Complete 
| 458|0x000000009ca00000, 0x000000009cb00000, 0x000000009cb00000|100%| E|CS|TAMS 0x000000009ca00000, 0x000000009ca00000| Complete 
| 459|0x000000009cb00000, 0x000000009cc00000, 0x000000009cc00000|100%| E|CS|TAMS 0x000000009cb00000, 0x000000009cb00000| Complete 
| 460|0x000000009cc00000, 0x000000009cd00000, 0x000000009cd00000|100%| E|CS|TAMS 0x000000009cc00000, 0x000000009cc00000| Complete 
| 461|0x000000009cd00000, 0x000000009ce00000, 0x000000009ce00000|100%| E|CS|TAMS 0x000000009cd00000, 0x000000009cd00000| Complete 
| 462|0x000000009ce00000, 0x000000009cf00000, 0x000000009cf00000|100%| E|CS|TAMS 0x000000009ce00000, 0x000000009ce00000| Complete 
| 463|0x000000009cf00000, 0x000000009d000000, 0x000000009d000000|100%| E|CS|TAMS 0x000000009cf00000, 0x000000009cf00000| Complete 
| 464|0x000000009d000000, 0x000000009d100000, 0x000000009d100000|100%| E|CS|TAMS 0x000000009d000000, 0x000000009d000000| Complete 
| 465|0x000000009d100000, 0x000000009d200000, 0x000000009d200000|100%| E|CS|TAMS 0x000000009d100000, 0x000000009d100000| Complete 
| 466|0x000000009d200000, 0x000000009d300000, 0x000000009d300000|100%| E|CS|TAMS 0x000000009d200000, 0x000000009d200000| Complete 
| 467|0x000000009d300000, 0x000000009d400000, 0x000000009d400000|100%| E|CS|TAMS 0x000000009d300000, 0x000000009d300000| Complete 
| 468|0x000000009d400000, 0x000000009d500000, 0x000000009d500000|100%| E|CS|TAMS 0x000000009d400000, 0x000000009d400000| Complete 
| 469|0x000000009d500000, 0x000000009d600000, 0x000000009d600000|100%| E|CS|TAMS 0x000000009d500000, 0x000000009d500000| Complete 
| 470|0x000000009d600000, 0x000000009d700000, 0x000000009d700000|100%| E|CS|TAMS 0x000000009d600000, 0x000000009d600000| Complete 
| 471|0x000000009d700000, 0x000000009d800000, 0x000000009d800000|100%| E|CS|TAMS 0x000000009d700000, 0x000000009d700000| Complete 
| 472|0x000000009d800000, 0x000000009d900000, 0x000000009d900000|100%| E|CS|TAMS 0x000000009d800000, 0x000000009d800000| Complete 
| 473|0x000000009d900000, 0x000000009da00000, 0x000000009da00000|100%| E|CS|TAMS 0x000000009d900000, 0x000000009d900000| Complete 
| 474|0x000000009da00000, 0x000000009db00000, 0x000000009db00000|100%| E|CS|TAMS 0x000000009da00000, 0x000000009da00000| Complete 
| 475|0x000000009db00000, 0x000000009dc00000, 0x000000009dc00000|100%| E|CS|TAMS 0x000000009db00000, 0x000000009db00000| Complete 
| 476|0x000000009dc00000, 0x000000009dd00000, 0x000000009dd00000|100%| E|CS|TAMS 0x000000009dc00000, 0x000000009dc00000| Complete 
| 477|0x000000009dd00000, 0x000000009de00000, 0x000000009de00000|100%| E|CS|TAMS 0x000000009dd00000, 0x000000009dd00000| Complete 
| 478|0x000000009de00000, 0x000000009df00000, 0x000000009df00000|100%| E|CS|TAMS 0x000000009de00000, 0x000000009de00000| Complete 
| 479|0x000000009df00000, 0x000000009e000000, 0x000000009e000000|100%| E|CS|TAMS 0x000000009df00000, 0x000000009df00000| Complete 
| 480|0x000000009e000000, 0x000000009e100000, 0x000000009e100000|100%| E|CS|TAMS 0x000000009e000000, 0x000000009e000000| Complete 
| 481|0x000000009e100000, 0x000000009e200000, 0x000000009e200000|100%| E|CS|TAMS 0x000000009e100000, 0x000000009e100000| Complete 
| 482|0x000000009e200000, 0x000000009e300000, 0x000000009e300000|100%| E|CS|TAMS 0x000000009e200000, 0x000000009e200000| Complete 
| 483|0x000000009e300000, 0x000000009e400000, 0x000000009e400000|100%| E|CS|TAMS 0x000000009e300000, 0x000000009e300000| Complete 
| 484|0x000000009e400000, 0x000000009e500000, 0x000000009e500000|100%| E|CS|TAMS 0x000000009e400000, 0x000000009e400000| Complete 
| 485|0x000000009e500000, 0x000000009e600000, 0x000000009e600000|100%| E|CS|TAMS 0x000000009e500000, 0x000000009e500000| Complete 
| 486|0x000000009e600000, 0x000000009e700000, 0x000000009e700000|100%| E|CS|TAMS 0x000000009e600000, 0x000000009e600000| Complete 
| 487|0x000000009e700000, 0x000000009e800000, 0x000000009e800000|100%| E|CS|TAMS 0x000000009e700000, 0x000000009e700000| Complete 
| 488|0x000000009e800000, 0x000000009e900000, 0x000000009e900000|100%| E|CS|TAMS 0x000000009e800000, 0x000000009e800000| Complete 
| 489|0x000000009e900000, 0x000000009ea00000, 0x000000009ea00000|100%| E|CS|TAMS 0x000000009e900000, 0x000000009e900000| Complete 
| 490|0x000000009ea00000, 0x000000009eb00000, 0x000000009eb00000|100%| E|CS|TAMS 0x000000009ea00000, 0x000000009ea00000| Complete 
| 491|0x000000009eb00000, 0x000000009ec00000, 0x000000009ec00000|100%| E|CS|TAMS 0x000000009eb00000, 0x000000009eb00000| Complete 
| 492|0x000000009ec00000, 0x000000009ed00000, 0x000000009ed00000|100%| E|CS|TAMS 0x000000009ec00000, 0x000000009ec00000| Complete 
| 493|0x000000009ed00000, 0x000000009ee00000, 0x000000009ee00000|100%| E|CS|TAMS 0x000000009ed00000, 0x000000009ed00000| Complete 
| 494|0x000000009ee00000, 0x000000009ef00000, 0x000000009ef00000|100%| E|CS|TAMS 0x000000009ee00000, 0x000000009ee00000| Complete 
| 495|0x000000009ef00000, 0x000000009f000000, 0x000000009f000000|100%| E|CS|TAMS 0x000000009ef00000, 0x000000009ef00000| Complete 
| 496|0x000000009f000000, 0x000000009f100000, 0x000000009f100000|100%| E|CS|TAMS 0x000000009f000000, 0x000000009f000000| Complete 
| 497|0x000000009f100000, 0x000000009f200000, 0x000000009f200000|100%| E|CS|TAMS 0x000000009f100000, 0x000000009f100000| Complete 
| 498|0x000000009f200000, 0x000000009f300000, 0x000000009f300000|100%| E|CS|TAMS 0x000000009f200000, 0x000000009f200000| Complete 
| 499|0x000000009f300000, 0x000000009f400000, 0x000000009f400000|100%| E|CS|TAMS 0x000000009f300000, 0x000000009f300000| Complete 

Card table byte_map: [0x0000021498b10000,0x0000021498f10000] _byte_map_base: 0x0000021498710000

Marking Bits (Prev, Next): (CMBitMap*) 0x00000214ffde12b0, (CMBitMap*) 0x00000214ffde12f0
 Prev Bits: [0x0000021499310000, 0x000002149b310000)
 Next Bits: [0x000002149b310000, 0x000002149d310000)

Polling page: 0x00000214feff0000

Metaspace:

Usage:
  Non-class:    119.08 MB used.
      Class:     17.59 MB used.
       Both:    136.67 MB used.

Virtual space:
  Non-class space:      128.00 MB reserved,     121.38 MB ( 95%) committed,  2 nodes.
      Class space:      412.00 MB reserved,      19.69 MB (  5%) committed,  1 nodes.
             Both:      540.00 MB reserved,     141.06 MB ( 26%) committed. 

Chunk freelists:
   Non-Class:  4.17 MB
       Class:  1.44 MB
        Both:  5.61 MB

MaxMetaspaceSize: 512.00 MB
CompressedClassSpaceSize: 412.00 MB
Initial GC threshold: 21.00 MB
Current GC threshold: 234.94 MB
CDS: on
MetaspaceReclaimPolicy: balanced
 - commit_granule_bytes: 65536.
 - commit_granule_words: 8192.
 - virtual_space_node_default_size: 8388608.
 - enlarge_chunks_in_place: 1.
 - new_chunks_are_fully_committed: 0.
 - uncommit_free_chunks: 1.
 - use_allocation_guard: 0.


Internal statistics:

num_allocs_failed_limit: 9.
num_arena_births: 5484.
num_arena_deaths: 2864.
num_vsnodes_births: 3.
num_vsnodes_deaths: 0.
num_space_committed: 2255.
num_space_uncommitted: 0.
num_chunks_returned_to_freelist: 3287.
num_chunks_taken_from_freelist: 12479.
num_chunk_merges: 1177.
num_chunk_splits: 7740.
num_chunks_enlarged: 4730.
num_inconsistent_stats: 0.

CodeHeap 'non-profiled nmethods': size=120000Kb used=16967Kb max_used=16967Kb free=103032Kb
 bounds [0x0000021490d80000, 0x0000021491e20000, 0x00000214982b0000]
CodeHeap 'profiled nmethods': size=120000Kb used=41824Kb max_used=41824Kb free=78175Kb
 bounds [0x00000214892b0000, 0x000002148bb90000, 0x00000214907e0000]
CodeHeap 'non-nmethods': size=5760Kb used=2673Kb max_used=2737Kb free=3087Kb
 bounds [0x00000214907e0000, 0x0000021490a90000, 0x0000021490d80000]
 total_blobs=23068 nmethods=21913 adapters=1064
 compilation: enabled
              stopped_count=0, restarted_count=0
 full_count=0

Compilation events (20 events):
Event: 8469.627 Thread 0x00000214a007d460 27412       3       org.jetbrains.kotlin.gradle.plugin.mpp.DecoratedKotlinCompilation::getAttributes (10 bytes)
Event: 8469.627 Thread 0x00000214a007d460 nmethod 27412 0x000002148bb78d10 code [0x000002148bb78ec0, 0x000002148bb79088]
Event: 8469.627 Thread 0x00000214a007d460 27413       3       org.gradle.api.internal.collections.IterationOrderRetainingSetElementSource::iteratorNoFlush (16 bytes)
Event: 8469.627 Thread 0x00000214a007d460 nmethod 27413 0x000002148bb79190 code [0x000002148bb79340, 0x000002148bb795a8]
Event: 8469.631 Thread 0x00000214a007d460 27415       3       org.gradle.api.internal.attributes.FreezableAttributeContainer::keySet (10 bytes)
Event: 8469.631 Thread 0x00000214a007d460 nmethod 27415 0x000002148bb79690 code [0x000002148bb79840, 0x000002148bb79a08]
Event: 8469.635 Thread 0x00000214a007d460 27416       1       org.gradle.api.internal.catalog.DefaultVersionCatalog::getName (5 bytes)
Event: 8469.636 Thread 0x00000214a007d460 nmethod 27416 0x0000021491e0ed90 code [0x0000021491e0ef20, 0x0000021491e0efd8]
Event: 8469.642 Thread 0x00000214a007d460 27418       3       java.io.ObjectInputStream$BlockDataInputStream::readShort (73 bytes)
Event: 8469.643 Thread 0x00000214a007d460 nmethod 27418 0x000002148bb79b10 code [0x000002148bb79ce0, 0x000002148bb7a018]
Event: 8469.644 Thread 0x00000214a007d460 27419       3       org.gradle.api.internal.artifacts.ivyservice.moduleconverter.DefaultRootComponentMetadataBuilder$MetadataHolder::<init> (5 bytes)
Event: 8469.644 Thread 0x00000214a007d460 nmethod 27419 0x000002148bb7a190 code [0x000002148bb7a340, 0x000002148bb7a4f8]
Event: 8469.644 Thread 0x00000214a007d460 27420       3       org.gradle.api.internal.artifacts.ivyservice.moduleconverter.DefaultRootComponentMetadataBuilder$MetadataHolder::<init> (5 bytes)
Event: 8469.644 Thread 0x00000214a007d460 nmethod 27420 0x000002148bb7a610 code [0x000002148bb7a7c0, 0x000002148bb7a918]
Event: 8469.646 Thread 0x00000214a007d460 27421       3       org.gradle.api.internal.artifacts.dependencies.DefaultDependencyConstraint_Decorated::getGroup (39 bytes)
Event: 8469.647 Thread 0x00000214a007d460 nmethod 27421 0x000002148bb7aa10 code [0x000002148bb7ac00, 0x000002148bb7b0d8]
Event: 8469.647 Thread 0x00000214a007d460 27422       3       org.gradle.api.internal.artifacts.dependencies.DefaultDependencyConstraint::getGroup (10 bytes)
Event: 8469.647 Thread 0x00000214a007d460 nmethod 27422 0x000002148bb7b310 code [0x000002148bb7b4c0, 0x000002148bb7b638]
Event: 8469.649 Thread 0x00000214a007d460 27423       3       org.gradle.api.internal.artifacts.ivyservice.moduleconverter.DefaultRootComponentMetadataBuilder::<init> (74 bytes)
Event: 8469.650 Thread 0x00000214a007d460 nmethod 27423 0x000002148bb7b710 code [0x000002148bb7b900, 0x000002148bb7bff8]

GC Heap History (20 events):
Event: 26.036 GC heap before
{Heap before GC invocations=45 (full 0):
 garbage-first heap   total 289792K, used 244049K [0x0000000080000000, 0x0000000100000000)
  region size 1024K, 68 young (69632K), 3 survivors (3072K)
 Metaspace       used 131076K, committed 133888K, reserved 552960K
  class space    used 17418K, committed 18880K, reserved 421888K
}
Event: 26.040 GC heap after
{Heap after GC invocations=46 (full 0):
 garbage-first heap   total 289792K, used 180719K [0x0000000080000000, 0x0000000100000000)
  region size 1024K, 6 young (6144K), 6 survivors (6144K)
 Metaspace       used 131076K, committed 133888K, reserved 552960K
  class space    used 17418K, committed 18880K, reserved 421888K
}
Event: 37.316 GC heap before
{Heap before GC invocations=46 (full 0):
 garbage-first heap   total 289792K, used 244207K [0x0000000080000000, 0x0000000100000000)
  region size 1024K, 69 young (70656K), 6 survivors (6144K)
 Metaspace       used 132200K, committed 134976K, reserved 552960K
  class space    used 17546K, committed 19008K, reserved 421888K
}
Event: 37.320 GC heap after
{Heap after GC invocations=47 (full 0):
 garbage-first heap   total 289792K, used 183730K [0x0000000080000000, 0x0000000100000000)
  region size 1024K, 6 young (6144K), 6 survivors (6144K)
 Metaspace       used 132200K, committed 134976K, reserved 552960K
  class space    used 17546K, committed 19008K, reserved 421888K
}
Event: 37.405 GC heap before
{Heap before GC invocations=47 (full 0):
 garbage-first heap   total 289792K, used 219570K [0x0000000080000000, 0x0000000100000000)
  region size 1024K, 27 young (27648K), 6 survivors (6144K)
 Metaspace       used 132512K, committed 135232K, reserved 552960K
  class space    used 17594K, committed 19008K, reserved 421888K
}
Event: 37.410 GC heap after
{Heap after GC invocations=48 (full 0):
 garbage-first heap   total 289792K, used 200760K [0x0000000080000000, 0x0000000100000000)
  region size 1024K, 4 young (4096K), 4 survivors (4096K)
 Metaspace       used 132512K, committed 135232K, reserved 552960K
  class space    used 17594K, committed 19008K, reserved 421888K
}
Event: 138.026 GC heap before
{Heap before GC invocations=49 (full 0):
 garbage-first heap   total 512000K, used 473144K [0x0000000080000000, 0x0000000100000000)
  region size 1024K, 34 young (34816K), 4 survivors (4096K)
 Metaspace       used 134055K, committed 136896K, reserved 552960K
  class space    used 17885K, committed 19392K, reserved 421888K
}
Event: 138.030 GC heap after
{Heap after GC invocations=50 (full 0):
 garbage-first heap   total 512000K, used 182479K [0x0000000080000000, 0x0000000100000000)
  region size 1024K, 2 young (2048K), 2 survivors (2048K)
 Metaspace       used 134055K, committed 136896K, reserved 552960K
  class space    used 17885K, committed 19392K, reserved 421888K
}
Event: 851.604 GC heap before
{Heap before GC invocations=50 (full 0):
 garbage-first heap   total 512000K, used 205007K [0x0000000080000000, 0x0000000100000000)
  region size 1024K, 25 young (25600K), 2 survivors (2048K)
 Metaspace       used 134294K, committed 137216K, reserved 552960K
  class space    used 17896K, committed 19456K, reserved 421888K
}
Event: 851.608 GC heap after
{Heap after GC invocations=51 (full 0):
 garbage-first heap   total 512000K, used 177559K [0x0000000080000000, 0x0000000100000000)
  region size 1024K, 1 young (1024K), 1 survivors (1024K)
 Metaspace       used 134294K, committed 137216K, reserved 552960K
  class space    used 17896K, committed 19456K, reserved 421888K
}
Event: 4728.435 GC heap before
{Heap before GC invocations=51 (full 0):
 garbage-first heap   total 512000K, used 412055K [0x0000000080000000, 0x0000000100000000)
  region size 1024K, 231 young (236544K), 1 survivors (1024K)
 Metaspace       used 135102K, committed 138048K, reserved 552960K
  class space    used 17910K, committed 19456K, reserved 421888K
}
Event: 4728.480 GC heap after
{Heap after GC invocations=52 (full 0):
 garbage-first heap   total 512000K, used 194112K [0x0000000080000000, 0x0000000100000000)
  region size 1024K, 18 young (18432K), 18 survivors (18432K)
 Metaspace       used 135102K, committed 138048K, reserved 552960K
  class space    used 17910K, committed 19456K, reserved 421888K
}
Event: 6376.495 GC heap before
{Heap before GC invocations=52 (full 0):
 garbage-first heap   total 512000K, used 413248K [0x0000000080000000, 0x0000000100000000)
  region size 1024K, 233 young (238592K), 18 survivors (18432K)
 Metaspace       used 141158K, committed 144128K, reserved 552960K
  class space    used 18583K, committed 20160K, reserved 421888K
}
Event: 6376.524 GC heap after
{Heap after GC invocations=53 (full 0):
 garbage-first heap   total 512000K, used 186209K [0x0000000080000000, 0x0000000100000000)
  region size 1024K, 8 young (8192K), 8 survivors (8192K)
 Metaspace       used 141158K, committed 144128K, reserved 552960K
  class space    used 18583K, committed 20160K, reserved 421888K
}
Event: 6418.790 GC heap before
{Heap before GC invocations=54 (full 0):
 garbage-first heap   total 512000K, used 420705K [0x0000000080000000, 0x0000000100000000)
  region size 1024K, 238 young (243712K), 8 survivors (8192K)
 Metaspace       used 139026K, committed 144384K, reserved 552960K
  class space    used 17963K, committed 20160K, reserved 421888K
}
Event: 6418.816 GC heap after
{Heap after GC invocations=55 (full 0):
 garbage-first heap   total 512000K, used 209796K [0x0000000080000000, 0x0000000100000000)
  region size 1024K, 30 young (30720K), 30 survivors (30720K)
 Metaspace       used 139026K, committed 144384K, reserved 552960K
  class space    used 17963K, committed 20160K, reserved 421888K
}
Event: 6418.818 GC heap before
{Heap before GC invocations=55 (full 0):
 garbage-first heap   total 512000K, used 210820K [0x0000000080000000, 0x0000000100000000)
  region size 1024K, 31 young (31744K), 30 survivors (30720K)
 Metaspace       used 139026K, committed 144384K, reserved 552960K
  class space    used 17963K, committed 20160K, reserved 421888K
}
Event: 6418.906 GC heap after
{Heap after GC invocations=56 (full 0):
 garbage-first heap   total 512000K, used 200827K [0x0000000080000000, 0x0000000100000000)
  region size 1024K, 1 young (1024K), 1 survivors (1024K)
 Metaspace       used 139026K, committed 144384K, reserved 552960K
  class space    used 17963K, committed 20160K, reserved 421888K
}
Event: 6603.581 GC heap before
{Heap before GC invocations=56 (full 0):
 garbage-first heap   total 512000K, used 410747K [0x0000000080000000, 0x0000000100000000)
  region size 1024K, 207 young (211968K), 1 survivors (1024K)
 Metaspace       used 139617K, committed 144448K, reserved 552960K
  class space    used 17998K, committed 20160K, reserved 421888K
}
Event: 6603.636 GC heap after
{Heap after GC invocations=57 (full 0):
 garbage-first heap   total 512000K, used 224098K [0x0000000080000000, 0x0000000100000000)
  region size 1024K, 24 young (24576K), 24 survivors (24576K)
 Metaspace       used 139617K, committed 144448K, reserved 552960K
  class space    used 17998K, committed 20160K, reserved 421888K
}

Dll operation events (15 events):
Event: 0.014 Loaded shared library C:\Program Files\Java\jdk-19\bin\java.dll
Event: 0.020 Loaded shared library C:\Program Files\Java\jdk-19\bin\jsvml.dll
Event: 0.058 Loaded shared library C:\Program Files\Java\jdk-19\bin\zip.dll
Event: 0.063 Loaded shared library C:\Program Files\Java\jdk-19\bin\instrument.dll
Event: 0.068 Loaded shared library C:\Program Files\Java\jdk-19\bin\net.dll
Event: 0.070 Loaded shared library C:\Program Files\Java\jdk-19\bin\nio.dll
Event: 0.071 Loaded shared library C:\Program Files\Java\jdk-19\bin\zip.dll
Event: 0.233 Loaded shared library C:\Program Files\Java\jdk-19\bin\jimage.dll
Event: 0.329 Loaded shared library C:\Program Files\Java\jdk-19\bin\verify.dll
Event: 0.409 Loaded shared library C:\Users\hp\.gradle\native\1def1411415f61bf3af743bc5b6707747c0891f09f0c88961ee8f79bc544acac\windows-amd64\native-platform.dll
Event: 0.422 Loaded shared library C:\Users\hp\.gradle\native\0.2.7\x86_64-windows-gnu\gradle-fileevents.dll
Event: 1.280 Loaded shared library C:\Program Files\Java\jdk-19\bin\management.dll
Event: 1.281 Loaded shared library C:\Program Files\Java\jdk-19\bin\management_ext.dll
Event: 1.447 Loaded shared library C:\Program Files\Java\jdk-19\bin\extnet.dll
Event: 1.599 Loaded shared library C:\Program Files\Java\jdk-19\bin\sunmscapi.dll

Deoptimization events (20 events):
Event: 6604.467 Thread 0x00000214b153b140 DEOPT PACKING pc=0x0000021491db2af8 sp=0x000000a23d2fae90
Event: 6604.467 Thread 0x00000214b153b140 DEOPT UNPACKING pc=0x0000021490846da3 sp=0x000000a23d2fac50 mode 2
Event: 6604.481 Thread 0x00000214b153a6a0 Uncommon trap: trap_request=0xffffffbe fr.pc=0x0000021491db5680 relative=0x0000000000001280
Event: 6604.481 Thread 0x00000214b153a6a0 Uncommon trap: reason=profile_predicate action=maybe_recompile pc=0x0000021491db5680 method=com.google.common.base.CharMatcher.indexIn(Ljava/lang/CharSequence;I)I @ 19 c2
Event: 6604.481 Thread 0x00000214b153a6a0 DEOPT PACKING pc=0x0000021491db5680 sp=0x000000a23d7fc100
Event: 6604.481 Thread 0x00000214b153a6a0 DEOPT UNPACKING pc=0x0000021490846da3 sp=0x000000a23d7fbf28 mode 2
Event: 6631.715 Thread 0x00000214b1538c10 Uncommon trap: trap_request=0xfffffff4 fr.pc=0x0000021491dbb300 relative=0x0000000000000140
Event: 6631.715 Thread 0x00000214b1538c10 Uncommon trap: reason=null_check action=make_not_entrant pc=0x0000021491dbb300 method=org.gradle.internal.properties.bean.DefaultPropertyWalker$CachedPropertyValue.isConfigurable()Z @ 6 c2
Event: 6631.716 Thread 0x00000214b1538c10 DEOPT PACKING pc=0x0000021491dbb300 sp=0x000000a23d9fe4e0
Event: 6631.716 Thread 0x00000214b1538c10 DEOPT UNPACKING pc=0x0000021490846da3 sp=0x000000a23d9fe408 mode 2
Event: 6729.034 Thread 0x00000214b054df90 Uncommon trap: trap_request=0xffffffbe fr.pc=0x00000214912b64c4 relative=0x0000000000000784
Event: 6729.034 Thread 0x00000214b054df90 Uncommon trap: reason=profile_predicate action=maybe_recompile pc=0x00000214912b64c4 method=java.util.concurrent.FutureTask.awaitDone(ZJ)I @ 18 c2
Event: 6729.034 Thread 0x00000214b054df90 DEOPT PACKING pc=0x00000214912b64c4 sp=0x000000a238cfd090
Event: 6729.034 Thread 0x00000214b054df90 DEOPT UNPACKING pc=0x0000021490846da3 sp=0x000000a238cfd030 mode 2
Event: 6729.110 Thread 0x00000214b054df90 DEOPT PACKING pc=0x000002148b0de75e sp=0x000000a238cfde10
Event: 6729.110 Thread 0x00000214b054df90 DEOPT UNPACKING pc=0x0000021490847543 sp=0x000000a238cfd2c0 mode 0
Event: 6729.112 Thread 0x00000214b054df90 DEOPT PACKING pc=0x000002148b0de75e sp=0x000000a238cfde00
Event: 6729.112 Thread 0x00000214b054df90 DEOPT UNPACKING pc=0x0000021490847543 sp=0x000000a238cfd2b0 mode 0
Event: 6729.112 Thread 0x00000214b054df90 DEOPT PACKING pc=0x000002148b0de75e sp=0x000000a238cfde40
Event: 6729.112 Thread 0x00000214b054df90 DEOPT UNPACKING pc=0x0000021490847543 sp=0x000000a238cfd2f0 mode 0

Classes loaded (20 events):
Event: 6376.532 Loading class sun/security/ssl/Alert$Level
Event: 6376.533 Loading class sun/security/ssl/Alert$Level done
Event: 6376.534 Loading class javax/crypto/AEADBadTagException
Event: 6376.535 Loading class javax/crypto/AEADBadTagException done
Event: 6406.661 Loading class java/io/PrintWriter$1
Event: 6406.701 Loading class jdk/internal/access/JavaIOPrintWriterAccess
Event: 6406.701 Loading class jdk/internal/access/JavaIOPrintWriterAccess done
Event: 6406.701 Loading class java/io/PrintWriter$1 done
Event: 6406.701 Loading class java/lang/Throwable$WrappedPrintWriter
Event: 6406.702 Loading class java/lang/Throwable$PrintStreamOrWriter
Event: 6406.702 Loading class java/lang/Throwable$PrintStreamOrWriter done
Event: 6406.702 Loading class java/lang/Throwable$WrappedPrintWriter done
Event: 6418.485 Loading class java/lang/invoke/WrongMethodTypeException
Event: 6418.486 Loading class java/lang/invoke/WrongMethodTypeException done
Event: 6418.655 Loading class java/util/logging/LogRecord
Event: 6418.656 Loading class java/util/logging/LogRecord done
Event: 6418.982 Loading class java/util/Collections$EmptyListIterator
Event: 6418.982 Loading class java/util/Collections$EmptyListIterator done
Event: 6419.035 Loading class java/net/UrlDeserializedState
Event: 6419.036 Loading class java/net/UrlDeserializedState done

Classes unloaded (20 events):
Event: 6603.816 Thread 0x000002149f721e30 Unloading class 0x00000008022d4000 'java/lang/invoke/LambdaForm$BMH+0x00000008022d4000'
Event: 6603.816 Thread 0x000002149f721e30 Unloading class 0x00000008022c8800 'java/lang/invoke/LambdaForm$MH+0x00000008022c8800'
Event: 6603.816 Thread 0x000002149f721e30 Unloading class 0x00000008022c3800 'java/lang/invoke/LambdaForm$DMH+0x00000008022c3800'
Event: 6603.816 Thread 0x000002149f721e30 Unloading class 0x00000008022c3000 'java/lang/invoke/LambdaForm$MH+0x00000008022c3000'
Event: 6603.816 Thread 0x000002149f721e30 Unloading class 0x00000008022c2c00 'java/lang/invoke/LambdaForm$DMH+0x00000008022c2c00'
Event: 6603.816 Thread 0x000002149f721e30 Unloading class 0x00000008022c1800 'java/lang/invoke/LambdaForm$MH+0x00000008022c1800'
Event: 6603.816 Thread 0x000002149f721e30 Unloading class 0x00000008022c1400 'java/lang/invoke/LambdaForm$DMH+0x00000008022c1400'
Event: 6603.816 Thread 0x000002149f721e30 Unloading class 0x00000008022c0400 'java/lang/invoke/LambdaForm$DMH+0x00000008022c0400'
Event: 6603.816 Thread 0x000002149f721e30 Unloading class 0x00000008022ac800 'java/lang/invoke/LambdaForm$MH+0x00000008022ac800'
Event: 6603.816 Thread 0x000002149f721e30 Unloading class 0x000000080229a400 'java/lang/invoke/LambdaForm$MH+0x000000080229a400'
Event: 6603.816 Thread 0x000002149f721e30 Unloading class 0x000000080229a000 'java/lang/invoke/LambdaForm$MH+0x000000080229a000'
Event: 6603.816 Thread 0x000002149f721e30 Unloading class 0x0000000802299c00 'java/lang/invoke/LambdaForm$MH+0x0000000802299c00'
Event: 6603.816 Thread 0x000002149f721e30 Unloading class 0x0000000802299800 'java/lang/invoke/LambdaForm$MH+0x0000000802299800'
Event: 6603.816 Thread 0x000002149f721e30 Unloading class 0x0000000802299400 'java/lang/invoke/LambdaForm$MH+0x0000000802299400'
Event: 6603.816 Thread 0x000002149f721e30 Unloading class 0x0000000802299000 'java/lang/invoke/LambdaForm$BMH+0x0000000802299000'
Event: 6603.816 Thread 0x000002149f721e30 Unloading class 0x000000080224b000 'java/lang/invoke/LambdaForm$MH+0x000000080224b000'
Event: 6603.816 Thread 0x000002149f721e30 Unloading class 0x0000000802249c00 'java/lang/invoke/LambdaForm$MH+0x0000000802249c00'
Event: 6603.816 Thread 0x000002149f721e30 Unloading class 0x0000000802249800 'java/lang/invoke/LambdaForm$MH+0x0000000802249800'
Event: 6603.816 Thread 0x000002149f721e30 Unloading class 0x0000000802248800 'java/lang/invoke/LambdaForm$MH+0x0000000802248800'
Event: 6603.816 Thread 0x000002149f721e30 Unloading class 0x0000000802248000 'java/lang/invoke/LambdaForm$MH+0x0000000802248000'

Classes redefined (0 events):
No events

Internal exceptions (20 events):
Event: 6729.195 Thread 0x00000214a95b9b00 Exception <a 'sun/nio/fs/WindowsException'{0x000000009a6ca438}> (0x000000009a6ca438) 
thrown [s\open\src\hotspot\share\prims\jni.cpp, line 517]
Event: 6729.196 Thread 0x00000214a95b9b00 Exception <a 'sun/nio/fs/WindowsException'{0x000000009a6caf98}> (0x000000009a6caf98) 
thrown [s\open\src\hotspot\share\prims\jni.cpp, line 517]
Event: 6729.196 Thread 0x00000214a95b9b00 Exception <a 'sun/nio/fs/WindowsException'{0x000000009a6dd0d0}> (0x000000009a6dd0d0) 
thrown [s\open\src\hotspot\share\prims\jni.cpp, line 517]
Event: 6729.196 Thread 0x00000214a95b9b00 Exception <a 'sun/nio/fs/WindowsException'{0x000000009a6e5208}> (0x000000009a6e5208) 
thrown [s\open\src\hotspot\share\prims\jni.cpp, line 517]
Event: 6729.197 Thread 0x00000214a95b9b00 Exception <a 'sun/nio/fs/WindowsException'{0x000000009a6ecfb8}> (0x000000009a6ecfb8) 
thrown [s\open\src\hotspot\share\prims\jni.cpp, line 517]
Event: 6729.197 Thread 0x00000214a95b9b00 Exception <a 'sun/nio/fs/WindowsException'{0x000000009a6f0a18}> (0x000000009a6f0a18) 
thrown [s\open\src\hotspot\share\prims\jni.cpp, line 517]
Event: 8468.752 Thread 0x00000214a95ba050 Exception <a 'sun/nio/fs/WindowsException'{0x000000009805e728}> (0x000000009805e728) 
thrown [s\open\src\hotspot\share\prims\jni.cpp, line 517]
Event: 8468.754 Thread 0x00000214a95ba050 Exception <a 'sun/nio/fs/WindowsException'{0x000000009805fca0}> (0x000000009805fca0) 
thrown [s\open\src\hotspot\share\prims\jni.cpp, line 517]
Event: 8468.756 Thread 0x00000214a95ba050 Exception <a 'sun/nio/fs/WindowsException'{0x0000000098061218}> (0x0000000098061218) 
thrown [s\open\src\hotspot\share\prims\jni.cpp, line 517]
Event: 8468.758 Thread 0x00000214a95ba050 Exception <a 'sun/nio/fs/WindowsException'{0x0000000098062a18}> (0x0000000098062a18) 
thrown [s\open\src\hotspot\share\prims\jni.cpp, line 517]
Event: 8468.836 Thread 0x00000214a95ba050 Exception <a 'sun/nio/fs/WindowsException'{0x0000000097f48618}> (0x0000000097f48618) 
thrown [s\open\src\hotspot\share\prims\jni.cpp, line 517]
Event: 8468.839 Thread 0x00000214a95ba050 Exception <a 'sun/nio/fs/WindowsException'{0x0000000097f4a0f0}> (0x0000000097f4a0f0) 
thrown [s\open\src\hotspot\share\prims\jni.cpp, line 517]
Event: 8468.842 Thread 0x00000214a95ba050 Exception <a 'sun/nio/fs/WindowsException'{0x0000000097f4be40}> (0x0000000097f4be40) 
thrown [s\open\src\hotspot\share\prims\jni.cpp, line 517]
Event: 8468.844 Thread 0x00000214a95ba050 Exception <a 'sun/nio/fs/WindowsException'{0x0000000097f4d8f0}> (0x0000000097f4d8f0) 
thrown [s\open\src\hotspot\share\prims\jni.cpp, line 517]
Event: 8469.039 Thread 0x00000214a95ba050 Exception <a 'sun/nio/fs/WindowsException'{0x00000000967fae20}> (0x00000000967fae20) 
thrown [s\open\src\hotspot\share\prims\jni.cpp, line 517]
Event: 8469.039 Thread 0x00000214a95ba050 Exception <a 'sun/nio/fs/WindowsException'{0x00000000967fb100}> (0x00000000967fb100) 
thrown [s\open\src\hotspot\share\prims\jni.cpp, line 517]
Event: 8469.040 Thread 0x00000214a95ba050 Exception <a 'sun/nio/fs/WindowsException'{0x00000000967fe308}> (0x00000000967fe308) 
thrown [s\open\src\hotspot\share\prims\jni.cpp, line 517]
Event: 8469.040 Thread 0x00000214a95ba050 Exception <a 'sun/nio/fs/WindowsException'{0x00000000967fe6e0}> (0x00000000967fe6e0) 
thrown [s\open\src\hotspot\share\prims\jni.cpp, line 517]
Event: 8469.041 Thread 0x00000214a95ba050 Exception <a 'sun/nio/fs/WindowsException'{0x0000000096602a38}> (0x0000000096602a38) 
thrown [s\open\src\hotspot\share\prims\jni.cpp, line 517]
Event: 8469.041 Thread 0x00000214a95ba050 Exception <a 'sun/nio/fs/WindowsException'{0x0000000096602e10}> (0x0000000096602e10) 
thrown [s\open\src\hotspot\share\prims\jni.cpp, line 517]

VM Operations (20 events):
Event: 6629.342 Executing VM operation: Cleanup
Event: 6629.343 Executing VM operation: Cleanup done
Event: 6630.351 Executing VM operation: Cleanup
Event: 6630.351 Executing VM operation: Cleanup done
Event: 6632.376 Executing VM operation: Cleanup
Event: 6632.376 Executing VM operation: Cleanup done
Event: 6728.960 Executing VM operation: Cleanup
Event: 6728.961 Executing VM operation: Cleanup done
Event: 6729.967 Executing VM operation: Cleanup
Event: 6729.967 Executing VM operation: Cleanup done
Event: 6761.595 Executing VM operation: HandshakeAllThreads
Event: 6761.595 Executing VM operation: HandshakeAllThreads done
Event: 6762.605 Executing VM operation: Cleanup
Event: 6762.605 Executing VM operation: Cleanup done
Event: 6982.346 Executing VM operation: Cleanup
Event: 6982.347 Executing VM operation: Cleanup done
Event: 7041.874 Executing VM operation: Cleanup
Event: 7041.874 Executing VM operation: Cleanup done
Event: 8469.653 Executing VM operation: Cleanup
Event: 8469.653 Executing VM operation: Cleanup done

Events (20 events):
Event: 8469.172 Thread 0x00000214b054d4f0 Thread added: 0x00000214b054d4f0
Event: 8469.172 Thread 0x00000214b054cfa0 Thread added: 0x00000214b054cfa0
Event: 8469.172 Thread 0x00000214b054df90 Thread added: 0x00000214b054df90
Event: 8469.173 Thread 0x00000214b054f4d0 Thread added: 0x00000214b054f4d0
Event: 8469.173 Thread 0x00000214b054ba60 Thread added: 0x00000214b054ba60
Event: 8469.174 Thread 0x00000214b054ff70 Thread added: 0x00000214b054ff70
Event: 8469.174 Thread 0x00000214b0553490 Thread added: 0x00000214b0553490
Event: 8469.174 Thread 0x00000214b0550f60 Thread added: 0x00000214b0550f60
Event: 8469.183 Thread 0x00000214b05514b0 Thread added: 0x00000214b05514b0
Event: 8469.183 Thread 0x00000214b0552f40 Thread added: 0x00000214b0552f40
Event: 8469.184 Thread 0x00000214b0551a00 Thread added: 0x00000214b0551a00
Event: 8469.184 Thread 0x00000214b054fa20 Thread added: 0x00000214b054fa20
Event: 8469.185 Thread 0x00000214b05504c0 Thread added: 0x00000214b05504c0
Event: 8469.185 Thread 0x00000214b05539e0 Thread added: 0x00000214b05539e0
Event: 8469.186 Thread 0x00000214b05529f0 Thread added: 0x00000214b05529f0
Event: 8469.186 Thread 0x00000214b0551f50 Thread added: 0x00000214b0551f50
Event: 8469.187 Thread 0x00000214b05524a0 Thread added: 0x00000214b05524a0
Event: 8469.187 Thread 0x00000214b0553f30 Thread added: 0x00000214b0553f30
Event: 8469.187 Thread 0x00000214b0554480 Thread added: 0x00000214b0554480
Event: 8469.238 Thread 0x00000214b0550a10 Thread added: 0x00000214b0550a10


Dynamic libraries:
0x00007ff7da9c0000 - 0x00007ff7da9d0000 	C:\Program Files\Java\jdk-19\bin\java.exe
0x00007ff9caee0000 - 0x00007ff9cb147000 	C:\WINDOWS\SYSTEM32\ntdll.dll
0x00007ff9c95a0000 - 0x00007ff9c9669000 	C:\WINDOWS\System32\KERNEL32.DLL
0x00007ff9c8550000 - 0x00007ff9c8940000 	C:\WINDOWS\System32\KERNELBASE.dll
0x00007ff9c2180000 - 0x00007ff9c221e000 	C:\WINDOWS\SYSTEM32\apphelp.dll
0x00007ff9c89e0000 - 0x00007ff9c8b2b000 	C:\WINDOWS\System32\ucrtbase.dll
0x00007ff9bb1a0000 - 0x00007ff9bb1bb000 	C:\Program Files\Java\jdk-19\bin\VCRUNTIME140.dll
0x00007ff9bb1c0000 - 0x00007ff9bb1d8000 	C:\Program Files\Java\jdk-19\bin\jli.dll
0x00007ff9ca020000 - 0x00007ff9ca0d4000 	C:\WINDOWS\System32\ADVAPI32.dll
0x00007ff9c8db0000 - 0x00007ff9c8e59000 	C:\WINDOWS\System32\msvcrt.dll
0x00007ff9c94a0000 - 0x00007ff9c9546000 	C:\WINDOWS\System32\sechost.dll
0x00007ff9ca1a0000 - 0x00007ff9ca2b8000 	C:\WINDOWS\System32\RPCRT4.dll
0x00007ff9c9cc0000 - 0x00007ff9c9e85000 	C:\WINDOWS\System32\USER32.dll
0x00007ff9c8240000 - 0x00007ff9c8267000 	C:\WINDOWS\System32\win32u.dll
0x00007ff9c9710000 - 0x00007ff9c973b000 	C:\WINDOWS\System32\GDI32.dll
0x00007ff9c8b30000 - 0x00007ff9c8c68000 	C:\WINDOWS\System32\gdi32full.dll
0x00007ff9c8190000 - 0x00007ff9c8233000 	C:\WINDOWS\System32\msvcp_win.dll
0x00007ff9aa3a0000 - 0x00007ff9aa63a000 	C:\WINDOWS\WinSxS\amd64_microsoft.windows.common-controls_6595b64144ccf1df_6.0.26100.4768_none_3e0c112ce331287c\COMCTL32.dll
0x00007ff9c7b00000 - 0x00007ff9c7b0b000 	C:\WINDOWS\SYSTEM32\VERSION.dll
0x00007ff9ca0e0000 - 0x00007ff9ca10f000 	C:\WINDOWS\System32\IMM32.DLL
0x00000000627d0000 - 0x00000000627dc000 	C:\Program Files (x86)\360\Total Security\safemon\SafeWrapper.dll
0x00007ff94dd30000 - 0x00007ff94dddc000 	C:\Program Files (x86)\360\Total Security\safemon\libzdtp64.dll
0x00007ff9ca750000 - 0x00007ff9cae9d000 	C:\WINDOWS\System32\SHELL32.dll
0x00007ff9c83d0000 - 0x00007ff9c8543000 	C:\WINDOWS\System32\wintypes.dll
0x00007ff9c9740000 - 0x00007ff9c9ac5000 	C:\WINDOWS\System32\combase.dll
0x00007ff9c9e90000 - 0x00007ff9c9efa000 	C:\WINDOWS\System32\SHLWAPI.dll
0x00007ff9bb190000 - 0x00007ff9bb19c000 	C:\Program Files\Java\jdk-19\bin\vcruntime140_1.dll
0x00007ff987750000 - 0x00007ff9877de000 	C:\Program Files\Java\jdk-19\bin\msvcp140.dll
0x00007ff938480000 - 0x00007ff939140000 	C:\Program Files\Java\jdk-19\bin\server\jvm.dll
0x00007ff9bcba0000 - 0x00007ff9bcbd5000 	C:\WINDOWS\SYSTEM32\WINMM.dll
0x00007ff9bb180000 - 0x00007ff9bb18a000 	C:\WINDOWS\SYSTEM32\WSOCK32.dll
0x00007ff9c9690000 - 0x00007ff9c9704000 	C:\WINDOWS\System32\WS2_32.dll
0x00007ff9c6ce0000 - 0x00007ff9c6cfb000 	C:\WINDOWS\SYSTEM32\kernel.appcore.dll
0x00007ff9ba9e0000 - 0x00007ff9ba9ea000 	C:\Program Files\Java\jdk-19\bin\jimage.dll
0x00007ff9c5600000 - 0x00007ff9c5841000 	C:\WINDOWS\SYSTEM32\DBGHELP.DLL
0x00007ff9c93a0000 - 0x00007ff9c9480000 	C:\WINDOWS\System32\OLEAUT32.dll
0x00007ff99afc0000 - 0x00007ff99b003000 	C:\WINDOWS\SYSTEM32\dbgcore.DLL
0x00007ff9c8270000 - 0x00007ff9c8309000 	C:\WINDOWS\System32\bcryptPrimitives.dll
0x00007ff99a0b0000 - 0x00007ff99a0be000 	C:\Program Files\Java\jdk-19\bin\instrument.dll
0x00007ff9a6570000 - 0x00007ff9a6596000 	C:\Program Files\Java\jdk-19\bin\java.dll
0x00007ff984dc0000 - 0x00007ff984e97000 	C:\Program Files\Java\jdk-19\bin\jsvml.dll
0x00007ff9c5b40000 - 0x00007ff9c639f000 	C:\WINDOWS\SYSTEM32\windows.storage.dll
0x00007ff9c9f20000 - 0x00007ff9ca015000 	C:\WINDOWS\System32\SHCORE.dll
0x00007ff9c7f30000 - 0x00007ff9c7f59000 	C:\WINDOWS\SYSTEM32\profapi.dll
0x00007ff98d940000 - 0x00007ff98d958000 	C:\Program Files\Java\jdk-19\bin\zip.dll
0x00007ff999510000 - 0x00007ff999523000 	C:\Program Files\Java\jdk-19\bin\net.dll
0x00007ff9b7140000 - 0x00007ff9b725e000 	C:\WINDOWS\SYSTEM32\WINHTTP.dll
0x00007ff9c7250000 - 0x00007ff9c72bb000 	C:\WINDOWS\system32\mswsock.dll
0x00007ff9994f0000 - 0x00007ff999506000 	C:\Program Files\Java\jdk-19\bin\nio.dll
0x00007ff9ba9d0000 - 0x00007ff9ba9e0000 	C:\Program Files\Java\jdk-19\bin\verify.dll
0x00007ff99a0c0000 - 0x00007ff99a0e7000 	C:\Users\hp\.gradle\native\1def1411415f61bf3af743bc5b6707747c0891f09f0c88961ee8f79bc544acac\windows-amd64\native-platform.dll
0x00007ff98d7e0000 - 0x00007ff98d858000 	C:\Users\hp\.gradle\native\0.2.7\x86_64-windows-gnu\gradle-fileevents.dll
0x00007ff9b85b0000 - 0x00007ff9b85ba000 	C:\Program Files\Java\jdk-19\bin\management.dll
0x00007ff9b7ba0000 - 0x00007ff9b7bab000 	C:\Program Files\Java\jdk-19\bin\management_ext.dll
0x00007ff9c9490000 - 0x00007ff9c9498000 	C:\WINDOWS\System32\PSAPI.DLL
0x00007ff9c66d0000 - 0x00007ff9c6703000 	C:\WINDOWS\SYSTEM32\IPHLPAPI.DLL
0x00007ff9c8ca0000 - 0x00007ff9c8caa000 	C:\WINDOWS\System32\NSI.dll
0x00007ff9bec40000 - 0x00007ff9bec5f000 	C:\WINDOWS\SYSTEM32\dhcpcsvc6.DLL
0x00007ff9be750000 - 0x00007ff9be775000 	C:\WINDOWS\SYSTEM32\dhcpcsvc.DLL
0x00007ff9c6760000 - 0x00007ff9c6886000 	C:\WINDOWS\SYSTEM32\DNSAPI.dll
0x00007ff99a870000 - 0x00007ff99a878000 	C:\Program Files\Java\jdk-19\bin\extnet.dll
0x00007ff9c7630000 - 0x00007ff9c764b000 	C:\WINDOWS\SYSTEM32\CRYPTSP.dll
0x00007ff9c6c40000 - 0x00007ff9c6c7b000 	C:\WINDOWS\system32\rsaenh.dll
0x00007ff9c72f0000 - 0x00007ff9c731b000 	C:\WINDOWS\SYSTEM32\USERENV.dll
0x00007ff9c7f00000 - 0x00007ff9c7f26000 	C:\WINDOWS\SYSTEM32\bcrypt.dll
0x00007ff9c7490000 - 0x00007ff9c749c000 	C:\WINDOWS\SYSTEM32\CRYPTBASE.dll
0x00007ff999220000 - 0x00007ff99922e000 	C:\Program Files\Java\jdk-19\bin\sunmscapi.dll
0x00007ff9c8010000 - 0x00007ff9c8187000 	C:\WINDOWS\System32\CRYPT32.dll
0x00007ff9c7790000 - 0x00007ff9c77c0000 	C:\WINDOWS\SYSTEM32\ncrypt.dll
0x00007ff9c7740000 - 0x00007ff9c777f000 	C:\WINDOWS\SYSTEM32\NTASN1.dll
0x00007ff9a89d0000 - 0x00007ff9a89d8000 	C:\WINDOWS\system32\wshunix.dll
0x00007ff9c6e10000 - 0x00007ff9c6e46000 	C:\WINDOWS\SYSTEM32\ntmarta.dll
0x00007ff9bb6a0000 - 0x00007ff9bb6ab000 	C:\Windows\System32\rasadhlp.dll
0x00007ff9bf210000 - 0x00007ff9bf296000 	C:\WINDOWS\System32\fwpuclnt.dll

dbghelp: loaded successfully - version: 4.0.5 - missing functions: none
symbol engine: initialized successfully - sym options: 0x614 - pdb path: .;C:\Program Files\Java\jdk-19\bin;C:\WINDOWS\SYSTEM32;C:\WINDOWS\WinSxS\amd64_microsoft.windows.common-controls_6595b64144ccf1df_6.0.26100.4768_none_3e0c112ce331287c;C:\Program Files (x86)\360\Total Security\safemon;C:\Program Files\Java\jdk-19\bin\server;C:\Users\hp\.gradle\native\1def1411415f61bf3af743bc5b6707747c0891f09f0c88961ee8f79bc544acac\windows-amd64;C:\Users\hp\.gradle\native\0.2.7\x86_64-windows-gnu

VM Arguments:
jvm_args: --add-opens=java.base/java.lang=ALL-UNNAMED --add-opens=java.base/java.lang.invoke=ALL-UNNAMED --add-opens=java.base/java.util=ALL-UNNAMED --add-opens=java.prefs/java.util.prefs=ALL-UNNAMED --add-exports=jdk.compiler/com.sun.tools.javac.api=ALL-UNNAMED --add-exports=jdk.compiler/com.sun.tools.javac.util=ALL-UNNAMED --add-opens=java.base/java.util=ALL-UNNAMED --add-opens=java.prefs/java.util.prefs=ALL-UNNAMED --add-opens=java.base/java.nio.charset=ALL-UNNAMED --add-opens=java.base/java.net=ALL-UNNAMED --add-opens=java.base/java.util.concurrent.atomic=ALL-UNNAMED --add-opens=java.xml/javax.xml.namespace=ALL-UNNAMED -XX:MaxMetaspaceSize=512m -Xmx2048m -Dfile.encoding=UTF-8 -Duser.country=GB -Duser.language=en -Duser.variant -javaagent:C:\Users\hp\.gradle\wrapper\dists\gradle-8.14.1-bin\baw1sv0jfoi8rxs14qo3h49cs\gradle-8.14.1\lib\agents\gradle-instrumentation-agent-8.14.1.jar 
java_command: org.gradle.launcher.daemon.bootstrap.GradleDaemon 8.14.1
java_class_path (initial): C:\Users\hp\.gradle\wrapper\dists\gradle-8.14.1-bin\baw1sv0jfoi8rxs14qo3h49cs\gradle-8.14.1\lib\gradle-daemon-main-8.14.1.jar
Launcher Type: SUN_STANDARD

[Global flags]
     intx CICompilerCount                          = 4                                         {product} {ergonomic}
   size_t CompressedClassSpaceSize                 = 432013312                                 {product} {ergonomic}
     uint ConcGCThreads                            = 3                                         {product} {ergonomic}
     uint G1ConcRefinementThreads                  = 10                                        {product} {ergonomic}
   size_t G1HeapRegionSize                         = 1048576                                   {product} {ergonomic}
    uintx GCDrainStackTargetSize                   = 64                                        {product} {ergonomic}
   size_t InitialHeapSize                          = 264241152                                 {product} {ergonomic}
   size_t MarkStackSize                            = 4194304                                   {product} {ergonomic}
   size_t MaxHeapSize                              = 2147483648                                {product} {command line}
   size_t MaxMetaspaceSize                         = 536870912                                 {product} {command line}
   size_t MaxNewSize                               = 1287651328                                {product} {ergonomic}
   size_t MinHeapDeltaBytes                        = 1048576                                   {product} {ergonomic}
   size_t MinHeapSize                              = 8388608                                   {product} {ergonomic}
    uintx NonNMethodCodeHeapSize                   = 5839372                                {pd product} {ergonomic}
    uintx NonProfiledCodeHeapSize                  = 122909434                              {pd product} {ergonomic}
    uintx ProfiledCodeHeapSize                     = 122909434                              {pd product} {ergonomic}
    uintx ReservedCodeCacheSize                    = 251658240                              {pd product} {ergonomic}
     bool SegmentedCodeCache                       = true                                      {product} {ergonomic}
   size_t SoftMaxHeapSize                          = 2147483648                             {manageable} {ergonomic}
     bool UseCompressedClassPointers               = true                           {product lp64_product} {ergonomic}
     bool UseCompressedOops                        = true                           {product lp64_product} {ergonomic}
     bool UseG1GC                                  = true                                      {product} {ergonomic}
     bool UseLargePagesIndividualAllocation        = false                                  {pd product} {ergonomic}

Logging:
Log output configuration:
 #0: stdout all=warning uptime,level,tags foldmultilines=false
 #1: stderr all=off uptime,level,tags foldmultilines=false

Environment Variables:
JAVA_HOME=C:\Program Files\Java\jdk-19
PATH=G:\react native project\AwesomeProject\node_modules\.bin;G:\react native project\AwesomeProject\node_modules\.bin;G:\react native project\node_modules\.bin;G:\node_modules\.bin;C:\Program Files\nodejs\node_modules\npm\node_modules\@npmcli\run-script\lib\node-gyp-bin;C:\Program Files\Common Files\Oracle\Java\javapath;C:\WINDOWS\system32;C:\WINDOWS;C:\WINDOWS\System32\Wbem;C:\WINDOWS\System32\WindowsPowerShell\v1.0\;C:\WINDOWS\System32\OpenSSH\;C:\Program Files\nodejs\;C:\ProgramData\Microsoft\Windows\Start Menu\Programs\Node.js;C:\Program Files\Git\cmd;C:\Program Files\Java\jdk-21\bin;C:\Users\hp\AppData\Local\Android\Sdk\platform-tools;C:\Users\hp\AppData\Local\Android\Sdk\tools;C:\Program Files\MySQL\MySQL Shell 8.0\bin\;C:\Program Files\Java\jdk-21\bin;C:\Users\hp\AppData\Local\Microsoft\WindowsApps;C:\Users\hp\AppData\Local\Programs\Microsoft VS Code\bin;C:\Users\hp\AppData\Roaming\npm;C:\Users\hp\AppData\Local\GitHubDesktop\bin;C:\Users\hp\AppData\Local\Programs\cursor\resources\app\bin
USERNAME=hp
LANG=en_US.UTF-8
OS=Windows_NT
PROCESSOR_IDENTIFIER=Intel64 Family 6 Model 186 Stepping 3, GenuineIntel
TMP=C:\Users\hp\AppData\Local\Temp
TEMP=C:\Users\hp\AppData\Local\Temp



---------------  S Y S T E M  ---------------

OS:
 Windows 11 , 64 bit Build 26100 (10.0.26100.4768)
OS uptime: 1 days 19:38 hours
Hyper-V role detected

CPU: total 12 (initial active 12) (6 cores per cpu, 2 threads per core) family 6 model 186 stepping 3 microcode 0x4123, cx8, cmov, fxsr, ht, mmx, 3dnowpref, sse, sse2, sse3, ssse3, sse4.1, sse4.2, popcnt, lzcnt, tsc, tscinvbit, avx, avx2, aes, erms, clmul, bmi1, bmi2, adx, sha, fma, vzeroupper, clflush, clflushopt, clwb, hv, serialize, rdtscp, rdpid, fsrm

Memory: 4k page, system-wide physical 16027M (3321M free)
TotalPageFile size 33107M (AvailPageFile size 8M)
current process WorkingSet (physical memory assigned to process): 301M, peak: 777M
current process commit charge ("private bytes"): 932M, peak: 977M

vm_info: Java HotSpot(TM) 64-Bit Server VM (19.0.2+7-44) for windows-amd64 JRE (19.0.2+7-44), built on 2022-11-30T18:02:09Z by "mach5one" with MS VC++ 17.1 (VS2022)

END.
